tag,title,artist
Growing Up,West Coast,Fidlar
Growing Up,Time,Pink Floyd
Growing Up,Growing Pains,Ludacris
Growing Up,Grown Up,Danny Brown
Growing Up,In My Life,The Beatles
Growing Up,We're Going To Be Friends,The White Stripes
Depression,I Feel Like Dying,Lil Wayne
Depression,Paint It, Black,The Rolling Stones
Depression,Living Is A Problem Because Everything Dies,Biffy Clyro
Depression,Hurt,Nine inch Nails
Depression,Turn Blue,The Black Keys
Depression,Black Eyed Dog,Nick Drake
Depression,Solitude Is Bliss,Tame Impala
Depression,Basket Case,Green Day
Depression,Suicide Is Painless,Manic Street Preachers
Depression,People = Shit,Slipknot
Depression,re:stacks,Bon Iver
Depression,Loser,Beck
Depression,Waking Up,Elastica
Depression,Nothin,Cat Power
Depression,Dark Times,The Weeknd
Depression,Just,Radiohead
Depression,Rock Bottom,Eminem
Depression,Entropy feat. Bleachers,Grimes
Depression,Down About It,The Lemonheads
Depression,This Is A Low,Blur
Depression,I Know It,The Smiths
Depression,Every Night,Paul McCartney
Depression,I See A Darkness,Bonnie Prince Billy
Depression,Stan,Eminem
Depression,Mad World,Tears for Fears
Depression,Sorrow,The National
Depression,Pain Pain Again,Glasvegas
Depression,A Letter To Elise,The Cure
Depression,Needle In The Hay,Elliott Smith
Depression,What Sarah Said,Death Cab For Cutie
Depression,Red Eyes,The War On Drugs
Depression,FML feat. The Weeknd,Kanye West
Depression,Breathe Me,Sia
Depression,u,Kendrick Lamar
Depression,Should Have Known Better,Sufjan Stevens
Depression,To Ramona,Bob Dylan
Depression,Grief,Earl Sweatshirt
Depression,How To Disappear Completely,Radiohead
Depression,Avalanche,Leonard Cohen
Depression,Pennyroyal Tea,Nirvana
Depression,Lua,Bright Eyes
Depression,Comfortably Numb,Pink Floyd
Depression,Blue Moon,Elvis Presley
Depression,Atmosphere,Joy Division
Anthropology,Like Humans Do,David Byrne
Anthropology,The Devil Put Dinosaurs Here,Alice In Chains
Anthropology,The Caves Of Altamira,Steely Dan
Anthropology,Diggin Up Bones,Randy Travis
Anthropology,Queen of the Savages,The Magnetic Fields
Anthropology,The Bad Touch,Bloodhound Gang
Anthropology,My Old Man,The Smothers Brothers
Anthropology,Hungry Heart,Bruce Springsteen
Anthropology,New Dark Ages,Bad Religion
Anthropology,Human,The Killers
Anthropology,In the Days of the Caveman,Crash Test Dummies
Anthropology,Slow Down You Grave Robbing Bastard,The Meteors
Anthropology,People Are People,Depeche Mode
Anthropology,Raiders March,John Williams
Jive,Tired Of Your Jive,BB King
Jive,Hit That Jive,Gramatik
Jive,Born To Hand Jive,Sha Na Na
Jive,The Phat Jive,Patrick Lindsey
Jive,The Scenario,A Tribe Called Quest
Jive,Virginia Plain,Roxy Music
Jive,Java Jive,The Ink Spots
Jive,Juke Box Jive,Rubettes
Jive,Rhine Jive Click,Guided By Voices
Jive,Our Love Will Last,The Jivers
Jive,Jiving Sister Fanny,Rolling Stones
Jive,Do You Love Me,The Contours
Not on the Soundtrack,Abduction At Airport from Big Trouble in Little China,John Carpenter
Not on the Soundtrack,Where Is My Mind,Pixies
Not on the Soundtrack,The Coming Storm,John Williams
Not on the Soundtrack,Love Will Tear Us Apart,Joy Division
Not on the Soundtrack,Nearer My God To Thee,Titanic
Not on the Soundtrack,Cabin In The Air,Nancy Wilson
Not on the Soundtrack,Dissolved Girl,Massive Attack
Not on the Soundtrack,The Nightclub Brawl from Indiana Jones and the Temple of Doom,John Williams
Not on the Soundtrack,Sweet Emotion,Aerosmith
Not on the Soundtrack,Maniac,Michael Sembello
Not on the Soundtrack,Heaven Is A Place On Earth,Belinda Carlisle
Not on the Soundtrack,I Am Waiting,Rolling Stones
Odd,Just One Fix,Ministry
Odd,Odd Look,Kavinsky
Even,Cut From The Cloth,The Evens
Even,Garbage,Even Though Our Love Is Doomed
Even,Even Numbers,They Might Be Giants
Odd,Bottom Of The Sea,Matt Nathanson
Even,Even In His Youth,Nirvana
Even,Marilyn Monroe,Pharrell Williams
Even,Not even jail,Interpol
Odd,Strange Phenomena,Kate Bush
Even,Even Less,Porcupine Tree
Odd,Lucky Number,Lene Lovich
Even,Even Dogs in the Wild,Associates
Even,Even Tho,Webb Pierce
Even,Even It Up,HEART
Odd,The Odd Couple,Earnest Tubb and Loretta Lynn
Even,Bizarre Love Triangle,Even As We Speak
Odd,Oddity,The Clean
Odd,Heterosexual Man,The Odds
Odd,The Odd Couple,Billy May and His Orchestra
Even,Over and Even,Joan Shelley
Even,Even Now,Barry Manilow
Odd,Odds Of Even,Marilyn Manson
Song Of My People,This Is Halloween,Danny Elfman
Song Of My People,Christmastime for the Jews,Darlene Love
Song Of My People,My Favorite Things,Maria
Song Of My People,The Way We Get By,Spoon
Song Of My People,I Will Light You On Fire,Golden Shoulders
Song Of My People,Here Comes Your Man,Pixies
Song Of My People,Rise Above,Black Flag
Song Of My People,Invincible,Pat Benatar
Song Of My People,TCR,Song of My People Sleaford Mods
Song Of My People,De La Rey,Bok Van Blerk
Song Of My People,Loser,Beck
Song Of My People,Uptown,Prince
Song Of My People,Latchkey Kids,Good Tiger
Song Of My People,A Pict Song,Billy Bragg
Song Of My People,Bangla Desh,George Harrison
Song Of My People,Kids in America,Kim Wilde
Song Of My People,Oh England My Lionheart,Kate Bush
Song Of My People,Only Wanna Be With You,Hootie And The Blowfish
Song Of My People,In The Garage,Weezer
Song Of My People,North American Scum,LCD Soundsystem
Song Of My People,Sweet Home Alabama,Lynyrd Skynyrd
Song Of My People,Detroit Rock City,KISS
Song Of My People,Down Under,Men At Work
Song Of My People,Hooked on a Feeling,Blue Swede
Song Of My People,King of Spain,Moxy Fruvous
Song Of My People,Tarzan Boy,Baltimora
Soft Drinks,Root Beer Rag,Billy Joel
Soft Drinks,Oh Oh I Love Her So,RAMONES
Soft Drinks,Sweet and Dandy,Toots and the Maytals
Soft Drinks,Tall Cool One,Robert Plant
Soft Drinks,Go For Soda,Kim Mitchell
Soft Drinks,Lemme Take You To The Beach,Frank Zappa
Soft Drinks,White Slavery,Type O Negative
Soft Drinks,Babybird,Atomic Soda
Soft Drinks,Praise The Lowered,Devin Townsend Project
Soft Drinks,Children of Marx and Coca Cola,The Lovefools
Soft Drinks,Having A Party,Sam Cooke
Soft Drinks,Here Comes Alice,The Jesus and Mary Chain
Soft Drinks,Brilliant Mistake,Elvis Costello
Soft Drinks,Old Mother Nature,Lucifer
Soft Drinks,Koka Kola,The Clash
Soft Drinks,Yoda,Weird Al
Soft Drinks,Things Go Better With Coke,Otis Redding
Soft Drinks,Coca Cola Cowboy,Mel Tillis
Soft Drinks,Institutionalized,Suicidal Tendencies
Soft Drinks,Programmable Soda,Tori Amos
Soft Drinks,Mellow Yellow,Donovan
Soft Drinks,I Want You,Savage Garden
Soft Drinks,State O Maine,Tim Sample
Soft Drinks,Lola,The Kinks
Leaving Home,Born to Run,Bruce Springsteen
Leaving Home,Rocket Man,William Shatner
Leaving Home,Love Is a Battlefield,Pat Benatar
Leaving Home,Hit the Road Jack,Ray Charles
Leaving Home,Saying Goodbye,The Muppets
Leaving Home,The Ballad Of Bilbo Baggins,Leonard Nimoy
Leaving Home,Muirshin Durkin,The Pogues
Leaving Home,Smalltown Boy,Bronski Beat
Leaving Home,Promised Land,Chuck Berry
Leaving Home,Leaving Home,Jebediah
Leaving Home,Miles Away,John Foxx
Leaving Home,Dreams Of Leaving,The Human League
Leaving Home,Leaving the Past,Immortal Technique
Leaving Home,Step Back,Cringer
Leaving Home,Wild World,Cat Stevens
Leaving Home,By The Time I Get To Phoenix,Glen Campbell
Leaving Home,Ramble On,Led Zeppelin
Leaving Home,Honky Cat,Elton John
Leaving Home,Goodbye Yellow Brick Road,Elton John
Leaving Home,Goodbye Stranger,Supertramp
Leaving Home,Jet Airliner,Steve Miller Band
Invisible,Memoirs of an Invisible Man Theme,Shirley Walker
Invisible,Deep Purple,When a Blind Man Cries
Invisible,Invisible,Michael Penn
Invisible,Monster Rap,Elvira
Invisible,See Through,Low
Invisible,To Be Invisible,Curtis Mayfield
Invisible,The Invisible Man,Queen
Invisible,Invisible,Figure Study
Invisible,Invisible Guy,Richard Bone
Invisible,Golden Dreams,Invisible Limits
Invisible,Invisible Bugs,Mean Jeans
Halloween Season,Dracula Cha Cha,The Tango Saloon
Halloween Season,The Spider,Figure and TenGraphs
Halloween Season,Halloween,Mastodon
Halloween Season,Kinda Lingers,Here Come the Mummies
Halloween Season,Goo Goo Muck,Ronnie Cook
Halloween Season,Sort Of Haunted House,Too Much Joy
Halloween Season,Baby Frankie Stein,Hot Blood
Halloween Season,Halloween,Sonic Youth
Halloween Season,Night of the Vampire,Roky Erickson
Halloween Season,Frankenstein,New York Dolls
Halloween Season,Out In The Street,The Who
Halloween Season,Toccata and Fugue in D Minor,Johann Sebastian Bach
Halloween Season,This Masquerade,Leon Russell
Halloween Season,Halloween,Dead Kennedys
Halloween Season,Never Come Back,Kas Product
Halloween Season,Martian Monster,Phish
Halloween Season,Fell in a Well,Songwriter X and the Skeleton Band
Halloween Season,Halloween All Year,The Orwells
Halloween Season,Halloween,Siouxsie The Banshees
Halloween Season,Werewolf Bar Mitzvah,Tracy Jordan
Halloween Season,This Is Halloween demo,Danny Elfman
Halloween Season,Get Down Goblin,Jan Terri
Halloween Season,I Want Candy,Bow Wow Wow
Halloween Season,Thriller,Michael Jackson
Stuttering,Atwood,Like you
Stuttering,The Caterpillar,The Cure
Stuttering,Kiss Off,Violent Femmes
Stuttering,Rave On,Buddy Holly
Stuttering,Scatman,Scatman John
Stuttering,Psycho Killer,Talking Heads
Stuttering,Barbara Ann,Beach Boys
Stuttering,Sussudio,Phil Collins
Stuttering,James Earl Jones Has a Very Deep Voice,Papa Razzi and the Photogs
Stuttering,I Want Your Sex,George Michael
Stuttering,See You Again,Miley Cyrus
Stuttering,Katmandu,Bob Seger
Stuttering,Cherry Bomb,The Runaways
Stuttering,Laser Cannon Deth Sentence,Dethklok
Stuttering,Into The Light,Siouxsie and The Banshees
Stuttering,Stutter,Marianas Trench
Stuttering,Poker Face,Lady Gaga
Stuttering,The Logical Song,Supertramp
Stuttering,My Generation,The Who
Stuttering,Bad To The Bone,George Thorogood And The Destroyers
Floods,The Same Deep Water As You,The Cure
Floods,Tread Water,De La Soul
Floods,Flood II,The Sisters of Mercy
Floods,The Flood,Katie Melua
Floods,Flood,Jocelyn Pook
Floods,Rise Up Dirty Waters,Tomahawk
Floods,Atlantis,Donovan
Floods,Atlantis,LTJ Bukem
Floods,Flood II,Boris
Floods,Going Under,Evanescence
Floods,Floods,Pantera
Floods,The Flood,Take That
Floods,Rainmaker,Harry Nilsson
Floods,Radioactive Flood,Poesie Noire
Floods,The Flood Waters Were Upon The World,Clint Mansell
Floods,Flood to Flood,Liars
Floods,Fox Confessor Brings the Flood,Neko Case
Floods,Swimming in the Flood,Passion Pit
Floods,When The Levee Breaks,A Perfect Circle
Floods,They Might Be Giants,Theme from Flood
Floods,Floods,Pantera
Floods,Here Comes The Rain Again,Eurythmics
Floods,Lost In The Flood,Bruce Springsteen
Floods,When The Levee Breaks,Led Zeppelin
September,The World Of Tomorrow,Edward Shearmur
September,Every Day Is Halloween,Ministry
September,The AOL Song,Test of Time
September,Bryan Ferry,September Song
September,It Might As Well Rain Until September,Bobby Vee
September,Impressioni di Settembre,Premiata Forneria Marconi
September,September Sun,Type O Negative
September,September Morn,Neil Diamond
September,Talking To The Moon,Don Henley
September,I Love Saturday,Erasure
September,Waiting For September,Suicide Dada
September,Nightswimming,R E M
September,Blood On The Moon,Racquet Club
September,Lazymuthafucka,The Coup
September,April Come She Will,Simon and Garfunkel
September,It Might As Well Rain Until September,Carole King
September,September When It Comes,Johnny Cash and Rosanne Cash
September,Wake Me Up When September Ends,Green Day
Shuffle,Vienna,Billy Joel
Shuffle,Closing Time,Semisonic
Shuffle,Me and the Moon,Something Corporate
Shuffle,Birdmad Girl,The Cure
Shuffle,Electricity,Orchestral Manoeuvres In The Dark
Shuffle,The Cold Song,Klaus Nomi
Shuffle,Oblivious,Aztec Camera
Shuffle,The Begbies,Pythagoras Theorem
Shuffle,Clash City Rockers,The Clash
Shuffle,Love Is A Wonderful Colour,The Icicle Works
Shuffle,No Place to Fall,Kevin Morby
Shuffle,Yesterday,Swim Mountain
Shuffle,Police Truck,Dead Kennedys
Shuffle,Already Gone,The Eagles
Shuffle,Too Drunk to Fuck,Dead Kennedys
Shuffle,Heart Shaped Box,Nirvana
Shuffle,Telescope,Cage the Elephant
Shuffle,The Constitution,Ted Hawkins
Shuffle,One PM Again,Yo La Tengo
Shuffle,Danny Diamond,Squirrel Nut Zippers
Shuffle,Long Gone Lonesome Blues,Hank Williams Sr
Shuffle,A Better Version,King Tubby
Shuffle,Cliffs,Aphex Twin
Shuffle,Wake The Sun,The Matches
Shuffle,Makeba,Jain
Shuffle,No Shows,Gerard Way
Shuffle,From A Mountain In The Middle Of The Cabins,Panic At The Disco
Shuffle,Miserlou,Manolis Angelopoulos
Shuffle,Cruel Summer,Bananarama
Shuffle,Blue Moon,Beck
Shuffle,Down to the Sea,Elephant Revival
Shuffle,Lost Highway,Nitty Gritty Dirt Band
Shuffle,Pearl,Andrew Combs
Shuffle,Going Left Right,Department S
Shuffle,Adventures Close To Home,The Raincoats
Shuffle,La Chasse Aux Microbes,Michael Bundt
Shuffle,Nobody But Me,The Human Beinz
Shuffle,The Battle Of Evermore,Led Zeppelin
Shuffle,Twenty Four,Mudhoney
Shuffle,Summer,Mogwai
Shuffle,Violet Nude Women,The Internet
Storms,Storm Eagle,Powerglove
Storms,Gimme Shelter,The Rolling Stones
Storms,The Eye of Every Storm,Neurosis
Storms,Hurricane,Hamilton OBC
Storms,Rain,The Beatles
Storms,Weather Storm,Massive Attack
Storms,Tyrolean Knockabout,Half Man Half Biscuit
Storms,The Storm,Big Country
Storms,We Are the Storm,Dillinger Escape Plan
Storms,Strange Weather,Glenn Frey
Storms,Storms,Fleetwood Mac
Storms,Song of Storms,Koji Kondo
Storms,Bitches Brew,Miles Davis
Storms,After the Storm,Mumford and Sons
Storms,Shelter From the Storm,Bob Dylan
Storms,Hurricane Fighter,Alien Sex Fiend
Storms,Blame It On the Rain,Milli Vanilli
Storms,Rock You Like A Hurricane,Scorpins
Storms,Twilight of the Thunder God,Amon Amarth
Storms,Terrible Storm,Tegan and Sara
Storms,Storm Front,Billy Joel
Storms,Hurricane Jane,Black Kids
Storms,Backwater Blues,Colosseum
Storms,Heavy Storm,First Aid Kit
Storms,Stormbringer,Deep Purple
Storms,When The Levee Breaks,Led Zeppelin
Storms,Like A Hurricane,Neil Young
Storms,The Approaching Storm,Chicago
Storms,Riders On The Storm,The Doors
Labor,Jesus Does The Dishes,Wingnut Dishwashers Union
Labor,Banks of Marble,Mischief Brew
Labor,Lowly Carpenter,Mischief Brew
Labor,Worker Fate,Hudson Falcons
Labor,Union Man,Neil Young
Labor,Employment,Thee Faction
Labor,Unionize,The Redskins
Labor,Cumberland Blues,Grateful Dead
Labor,Career Opportunities,The Clash
Labor,Never Cross A Picket Line,Billy Bragg
Labor,There Is Power In A Union,Billy Bragg
Labor,Working Man,Matt Minglewood
Labor,Clampdown,The Clash
Labor,Union Maid,Old Crow Medicine Show
Labor,Get Back In Line,The Kinks
Labor,Joe Hill,Joan Baez
Labor,Working In a Coal Mine,Devo
Labor,The Ballad of Jimmy Hoffa,Smokey Stover
Labor,Union Burying Ground,Woody Guthrie
Labor,Working Class Hero,John Lennon
Labor,Working For The Weekend,Loverboy
Labor,And We Danced,The Hooters
Labor,There is Power in a Union,Joe Glazer
Awesome names,Hyperbolicsyllabicsesquedalymistic,ISAAC HAYES
Awesome names,Extraterrestrialmonstrositymultigenremegasuperstargreatestspectacularshowinouterspace,Cleopatra
Awesome names,Rock Around The Clock,Bill Haley And His Comets
Awesome names,Go to Hell,Nashville Pussy
Awesome names,Unsuccessfully Coping With The Natural Beauty Of Infidelity,Type O Negative
Awesome names,Hell,Squirrel Nut Zippers
Awesome names,Allan Sherman,Pop Hates the Beatles
Awesome names,Extreme Wealth and Casual Cruelty,Unknown Mortal Orchestra
Awesome names,Teenage Pussy from Outer Space,Buck Naked
Awesome names,Hairdresser On Fire,Morrissey
Awesome names,Two Girls,Ringo Deathstarr
Awesome names,The Goldheart Mountaintop Queen Directory,Guided By Voices
Awesome names,Six Pack,Black Flag
Awesome names,Withered Hand of Evil,Uncle Acid and the Deadbeats
Awesome names,Prequel to the Sequel,Between The Buried And Me
Awesome names,Last Chance To Evacuate Planet Earth Before It Is Recycled,Porcupine Tree
Awesome names,Love You Year Round,General B and the Wiz
Awesome names,The Only Good God is a Dead God,Terror Against Terror
Awesome names,Heaven Tonight,Yngwie Malmsteen
Awesome names,Smells Like OK Soda,Dillinger Four
Awesome names,Calypso Beach,Northeast Party House
Awesome names,I Wanna See Your Tattoo,Jon Cougar Concentration Camp
Awesome names,Sex on Wheelz,My Life With The Thrill Kill Kult
Awesome names,Satan Gave Me a Taco,Beck
Awesome names,Concrete City Breakdown,Green Milk From the Planet Orange
Awesome names,Death to All Culture Snitches,Two Lone Swordsmen
Awesome names,Several Species of Small Furry Animals Gathered Together in a Cave and Grooving with a Pict,Pink Floyd
Change,Change,Karnivool
Change,Change,Tears for Fears
Change,Golden Lights,The Smiths
Change,Roses,ABRA
Change,Them Changes,Thundercat
Change,Out Of the Blue,Delta Goodrem
Change,Times Change,New Order
Change,The Devil Drives,Murder By Death
Change,The Changeling,The Doors
Changeless,Such A Little Thing Makes Such A Big Difference,Morrissey
Change,Linkin Park,Breaking The Habit
Change,Changing of the Seasons,Two Door Cinema Club
Changeless,Some People Will Tell You,Sarah Jaffe
Change,Loose Change,Neil Young
Change,Changed The Locks,Lucinda Williams
Change,Changes IV,Cat Stevens
Change,Steer,Missy Higgins
Change,The Real Life,John Mellencamp
Change,I Can Change,Saddam Hussein
Changeless,Spider in the Snow,The Dismemberment Plan
Change,Things,The Statler Brothers
Change,Virtual Insanity,Jamiroquai
Change,I Can Change,LCD Soundsystem
Change,Perpetual Change,Yes
Changeless,The Same Old Me,Ray Price
Change,Victim Of Changes,Judas Priest
Change,Change,Those Attractive Magnets
Change,Cool Change,Little River Band
Change,Changes,Black Sabbath
Change,Not the Same,Ben Folds
Change,Change,Killing Joke
Changeless,Fortress,Pinback
Change,Wind of Change,Scorpions
Changeless,Nothing Changes,Death in June
Change,Witness the Change,Pete Shelley
Change,Something for Nothing,Rush
Stuttering,Psycho Killer,Talking Heads
Good Advice,Always Look on the Bright Side of Life,Monty Python
Storms,When The Levee Breaks,Led Zeppelin
Fake News,Pure Imagination,Willy Wonka
Leaving Home,Rocket Man,William Shatner
Angst,Losing My Religion,REM
Song Of My People,Loser,Beck
Stuttering,My Generation,The Who
Floods,When The Levee Breaks,Led Zeppelin
The Sun,Here Comes The Sun,The Beatles
Soft Drinks,Institutionalized,Suicidal Tendencies
Leaving Home,The Ballad Of Bilbo Baggins,Leonard Nimoy
Song Of My People,Down Under,Men At Work
Labor,Working In a Coal Mine,Devo
Awesome names,Several Species of Small Furry Animals Gathered Together in a Cave and Grooving with a Pict,Pink Floyd
Change,I Can Change,LCD Soundsystem
The Sun,Good Day Sunshine,Paul McCartney
The Sun,Sun King,The Beatles
FLAIR,IT MAKES NO GODDAMN SENSE,WHAT IS THIS THEME
Back To School,My Old School,Steely Dan
Angst,Surrender,Cheap Trick
Soft Drinks,Mellow Yellow,Donovan
Storms,Riders On The Storm,The Doors
The Sun,Waiting For The Sun,The Doors
Angst,Once In a Lifetime,Talking Heads
Not on the Soundtrack,Sweet Emotion,Aerosmith
Stuttering,Cherry Bomb,The Runaways
Stuttering,Poker Face,Lady Gaga
Shuffle,Too Drunk to Fuck,Dead Kennedys
Change,Changes,Black Sabbath
The Sun,Blister In The Sun,Violent Femmes
The Sun,Who Loves The Sun,The Velvet Underground
Angst,The End,The Doors
Sequels,Phantom Pt II,Justice
Soft Drinks,Yoda,Weird Al
Leaving Home,Wild World,Cat Stevens
Halloween Season,Thriller,Michael Jackson
Floods,Lost In The Flood,Bruce Springsteen
Labor,Union Burying Ground,Woody Guthrie
Change,Wind of Change,Scorpions
The Sun,Sunny Afternoon,The Kinks
The Sun,Holidays In The Sun,Sex Pistols
Fake News,Dirty Laundry,Don Henley
Angst,Teenagers,My Chemical Romance
Angst,Where Is My Mind,Pixies
Halloween Season,Fell in a Well,Songwriter X and the Skeleton Band
Stuttering,Kiss Off,Violent Femmes
Floods,Here Comes The Rain Again,Eurythmics
Shuffle,Heart Shaped Box,Nirvana
Shuffle,Miserlou,Manolis Angelopoulos
Labor,Never Cross A Picket Line,Billy Bragg
Change,Change,Tears for Fears
Change,Damaged Goods,Gang of Four
The Sun,Island In The Sun,Weezer
threats,Another One Bites the Dust,Queen
Not on the Soundtrack,Where Is My Mind,Pixies
Song Of My People,Only Wanna Be With You,Hootie And The Blowfish
Soft Drinks,Having A Party,Sam Cooke
Soft Drinks,Lola,The Kinks
Leaving Home,Hit the Road Jack,Ray Charles
Leaving Home,Smalltown Boy,Bronski Beat
Leaving Home,By The Time I Get To Phoenix,Glen Campbell
Leaving Home,Goodbye Yellow Brick Road,Elton John
Halloween Season,Toccata and Fugue in D Minor,Johann Sebastian Bach
Halloween Season,This Is Halloween demo,Danny Elfman
Halloween Season,I Want Candy,Bow Wow Wow
Floods,They Might Be Giants,Theme from Flood
Storms,Gimme Shelter,The Rolling Stones
Change,Perpetual Change,Yes
Change,Cool Change,Little River Band
Good Advice,This Too Shall Pass,OK Go
The Sun,House of the Rising Sun,The Animals
Back To School,Teacher,Jethro Tull
Angst,Teen Angst,Cracker
threats,Pomplamoose,Bust Your Knee Caps
Sequels,Glass Onion,The Beatles
Even,Even Numbers,They Might Be Giants
Odd,Odds Of Even,Marilyn Manson
Song Of My People,Christmastime for the Jews,Darlene Love
Song Of My People,In The Garage,Weezer
Soft Drinks,Koka Kola,The Clash
Soft Drinks,Things Go Better With Coke,Otis Redding
Soft Drinks,I Want You,Savage Garden
Invisible,To Be Invisible,Curtis Mayfield
September,April Come She Will,Simon and Garfunkel
Shuffle,Electricity,Orchestral Manoeuvres In The Dark
Shuffle,The Cold Song,Klaus Nomi
Labor,Clampdown,The Clash
Labor,Working For The Weekend,Loverboy
Awesome names,I Wanna See Your Tattoo,Jon Cougar Concentration Camp
Change,Times Change,New Order
Changeless,Fortress,Pinback
Changeless,We Never Change,Coldplay
Good Advice,God Hates a Coward,Tomahawk
The Sun,Dont let the sun go down on me,Elton John
The Sun,Dear Prudence,The Beatles
The Sun,My God Is The Sun,Queens of the Stone Age
The Sun,Soak Up The Sun,Sheryl Crow
Fake News,Radio Clash,The Clash
Angst,Are You Gonna Be My Girl,Jet
Ninja Tune,How You Like Me Now,The Heavy
threats,We Will Rock You,Queen
threats,Neighborhood Threat,David Bowie
Anthropology,In the Days of the Caveman,Crash Test Dummies
Anthropology,People Are People,Depeche Mode
Song Of My People,This Is Halloween,Danny Elfman
Song Of My People,Sweet Home Alabama,Lynyrd Skynyrd
Leaving Home,Love Is a Battlefield,Pat Benatar
Leaving Home,Goodbye Stranger,Supertramp
Leaving Home,Jet Airliner,Steve Miller Band
Stuttering,Bad To The Bone,George Thorogood And The Destroyers
Floods,Fox Confessor Brings the Flood,Neko Case
Floods,When The Levee Breaks,A Perfect Circle
September,September When It Comes,Johnny Cash and Rosanne Cash
Labor,There Is Power In A Union,Billy Bragg
Awesome names,Sex on Wheelz,My Life With The Thrill Kill Kult
Change,Changing of the Seasons,Two Door Cinema Club
Changeless,Same Ole Me,George Jones
The Sun,Sol Invictus,Faith No More
The Sun,People of The Sun,Rage Against The Machine
The Sun,Watch the Sunrise,Big Star
The Sun,When The Sun Goes Down,Arctic Monkeys
The Sun,Set The Controls For The Heart Of The Sun,Pink Floyd
The Sun,Sun,Caribou
Fake News,Liar,Henry Rollins
Hits Away From Home,La vie en rose,Grace Jones
Back To School,Back to School Days,Graham Parker
Back To School,The Headmaster Ritual,The Smiths
Back To School,What A Wonderful World,Sam Cooke
Angst,Gotta Gettaway,Stiff Little Fingers
Angst,Mother,Pink Floyd
Angst,Killing an arab,The Cure
threats,State Trooper,Bruce Springsteen
threats,Mama Said Knock You Out,LL Cool J
Sequels,Miss Atomic Bomb,The Killers
Not on the Soundtrack,Love Will Tear Us Apart,Joy Division
Odd,Just One Fix,Ministry
Odd,The Odd Couple,Billy May and His Orchestra
Song Of My People,Detroit Rock City,KISS
Song Of My People,Hooked on a Feeling,Blue Swede
Soft Drinks,Oh Oh I Love Her So,RAMONES
Soft Drinks,Here Comes Alice,The Jesus and Mary Chain
Leaving Home,Born to Run,Bruce Springsteen
Leaving Home,Saying Goodbye,The Muppets
Leaving Home,Ramble On,Led Zeppelin
Leaving Home,Honky Cat,Elton John
Invisible,See Through,Low
Halloween Season,Halloween All Year,The Orwells
Halloween Season,Halloween,Siouxsie The Banshees
Halloween Season,Werewolf Bar Mitzvah,Tracy Jordan
Stuttering,Scatman,Scatman John
Floods,Atlantis,Donovan
Floods,Floods,Pantera
September,Wake Me Up When September Ends,Green Day
Shuffle,Police Truck,Dead Kennedys
Shuffle,Blue Moon,Beck
Storms,Song of Storms,Koji Kondo
Storms,Like A Hurricane,Neil Young
Labor,Union Man,Neil Young
Labor,Working Class Hero,John Lennon
Change,The Changeling,The Doors
Changeless,Such A Little Thing Makes Such A Big Difference,Morrissey
Change,Victim Of Changes,Judas Priest
Changeless,Nothing Changes,Death in June
Change,Something for Nothing,Rush
Good Advice,The Gambler,Kenny Rogers
The Sun,Staring at the Sun,TV on the Radio
The Sun,The Sun,The Naked And Famous
The Sun,Sunlight Shining Through Cloud,Mike Oldfield
The Sun,I Live For The Sun,The Sunrays
Fake News,Sunday Papers,Joe Jackson
Hits Away From Home,Bobby Brown Goes Down,Frank Zappa
Hits Away From Home,In The Court Of The Crimson King,King Crimson
Back To School,Catholic School Girls Rule,Red Hot Chili Peppers
Angst,Green Eyes,Wavves
Angst,Come In Alone,My Bloody Valentine
Angst,Bulletproof,La Roux
Ninja Tune,Twice the First Time,Saul Williams
Ninja Tune,Deliver the Weird,Clifford Gilberto
Ninja Tune,Reanimator,Amon Tobin
threats,Blood On The Quad,Half Man Half Biscuit
Anthropology,Queen of the Savages,The Magnetic Fields
Anthropology,New Dark Ages,Bad Religion
Anthropology,Slow Down You Grave Robbing Bastard,The Meteors
Anthropology,Raiders March,John Williams
Odd,Strange Phenomena,Kate Bush
Odd,The Odd Couple,Earnest Tubb and Loretta Lynn
Song Of My People,My Favorite Things,Maria
Song Of My People,Invincible,Pat Benatar
Song Of My People,Uptown,Prince
Song Of My People,Latchkey Kids,Good Tiger
Song Of My People,Bangla Desh,George Harrison
Song Of My People,Kids in America,Kim Wilde
Halloween Season,Night of the Vampire,Roky Erickson
Stuttering,Barbara Ann,Beach Boys
Stuttering,Sussudio,Phil Collins
Stuttering,Into The Light,Siouxsie and The Banshees
Stuttering,The Logical Song,Supertramp
Floods,The Same Deep Water As You,The Cure
Floods,Tread Water,De La Soul
Floods,Flood II,Boris
Floods,The Flood,Take That
Shuffle,Birdmad Girl,The Cure
Shuffle,Clash City Rockers,The Clash
Shuffle,No Place to Fall,Kevin Morby
Shuffle,From A Mountain In The Middle Of The Cabins,Panic At The Disco
Shuffle,Lost Highway,Nitty Gritty Dirt Band
Shuffle,Nobody But Me,The Human Beinz
Shuffle,The Battle Of Evermore,Led Zeppelin
Storms,Rain,The Beatles
Storms,Blame It On the Rain,Milli Vanilli
Labor,Lowly Carpenter,Mischief Brew
Labor,Career Opportunities,The Clash
Labor,Get Back In Line,The Kinks
Labor,There is Power in a Union,Joe Glazer
Awesome names,Death to All Culture Snitches,Two Lone Swordsmen
Change,Linkin Park,Breaking The Habit
Changeless,The Same Old Me,Ray Price
Change,Change,Those Attractive Magnets
Change,Not the Same,Ben Folds
Change,Change,Killing Joke
Change,Witness the Change,Pete Shelley
Change,Going Through Changes,The Samples
Good Advice,Take Your Mama,Scissor Sisters
The Sun,The Sun,The Microphones
The Sun,Looking At The Sun,Matthew Sweet
The Sun,Yellow Sun,The Raconteurs
The Sun,Run to the Sun,Erasure
The Sun,Sun Lips,Black Moth Super Rainbow
The Sun,Sheryl Crow,All I Wanna Do
The Sun,Fat Old Sun,Pink Floyd
The Sun,Sun Is Out,The Apples In Stereo
The Sun,Sunny,Leonard Nimoy
The Sun,Infernalis,Immediate Music
The Sun,Island In The Sun,Harry Belafonte
The Sun,Living In the Sunlight,Tiny Tim
The Sun,Sunshine,Samiam
Fake News,News Of The World,The Jam
Fake News,What We Call The News,JibJab
Hits Away From Home,Drugs In My Pocket,The Monks
Back To School,Little School Girl,Billy Garner
Back To School,Schoolboy,Grouplove
Back To School,Weird In My School,The Pixies
Back To School,Bad Luck Streak In Dancing School,Warren Zevon
Back To School,Back to School,Billy Madison
Angst,School,Nirvana
Angst ,Know your enemy,Green Day
Angst,Not Afraid,Eminem
Angst,I Just Want To Have Something To Do,The Ramones
Angst,Radio,Alkaline Trio
Angst,Teenage Dirtbag,Wheatus
Angst,Violet,Hole
Angst,Forever Young,Alphaville
threats,You Better Run,Pat Benatar
Anthropology,My Old Man,The Smothers Brothers
Anthropology,Human,The Killers
Jive,Tired Of Your Jive,BB King
Jive,Hit That Jive,Gramatik
Jive,The Scenario,A Tribe Called Quest
Jive,Java Jive,The Ink Spots
Jive,Juke Box Jive,Rubettes
Jive,Rhine Jive Click,Guided By Voices
Jive,Our Love Will Last,The Jivers
Jive,Jiving Sister Fanny,Rolling Stones
Jive,Do You Love Me,The Contours
Not on the Soundtrack,Abduction At Airport from Big Trouble in Little China,John Carpenter
Not on the Soundtrack,Dissolved Girl,Massive Attack
Not on the Soundtrack,The Nightclub Brawl from Indiana Jones and the Temple of Doom,John Williams
Not on the Soundtrack,Heaven Is A Place On Earth,Belinda Carlisle
Odd,Odd Look,Kavinsky
Even,Even Less,Porcupine Tree
Odd,Lucky Number,Lene Lovich
Odd,Oddity,The Clean
Song Of My People,Here Comes Your Man,Pixies
Song Of My People,Rise Above,Black Flag
Song Of My People,TCR,Song of My People Sleaford Mods
Song Of My People,Oh England My Lionheart,Kate Bush
Song Of My People,King of Spain,Moxy Fruvous
Song Of My People,Tarzan Boy,Baltimora
Soft Drinks,Sweet and Dandy,Toots and the Maytals
Soft Drinks,Children of Marx and Coca Cola,The Lovefools
Soft Drinks,Brilliant Mistake,Elvis Costello
Leaving Home,Promised Land,Chuck Berry
Leaving Home,Step Back,Cringer
Halloween Season,Halloween,Mastodon
Halloween Season,Kinda Lingers,Here Come the Mummies
Halloween Season,Goo Goo Muck,Ronnie Cook
Halloween Season,This Masquerade,Leon Russell
Halloween Season,Never Come Back,Kas Product
Halloween Season,Martian Monster,Phish
Stuttering,The Caterpillar,The Cure
Stuttering,Rave On,Buddy Holly
Stuttering,I Want Your Sex,George Michael
Stuttering,See You Again,Miley Cyrus
Stuttering,Katmandu,Bob Seger
Stuttering,Laser Cannon Deth Sentence,Dethklok
Floods,The Flood,Katie Melua
Floods,Flood to Flood,Liars
Floods,Swimming in the Flood,Passion Pit
Floods,Floods,Pantera
September,September Sun,Type O Negative
September,September Morn,Neil Diamond
September,Talking To The Moon,Don Henley
September,Blood On The Moon,Racquet Club
Shuffle,One PM Again,Yo La Tengo
Shuffle,Long Gone Lonesome Blues,Hank Williams Sr
Shuffle,A Better Version,King Tubby
Shuffle,Makeba,Jain
Shuffle,Cruel Summer,Bananarama
Storms,We Are the Storm,Dillinger Escape Plan
Storms,Stormbringer,Deep Purple
Storms,The Approaching Storm,Chicago
Awesome names,Extraterrestrialmonstrositymultigenremegasuperstargreatestspectacularshowinouterspace,Cleopatra
Awesome names,Unsuccessfully Coping With The Natural Beauty Of Infidelity,Type O Negative
Awesome names,Six Pack,Black Flag
Change,Change,Karnivool
Change,Golden Lights,The Smiths
Change,Roses,ABRA
Changeless,Some People Will Tell You,Sarah Jaffe
Change,Loose Change,Neil Young
Change,Changed The Locks,Lucinda Williams
Change,Changes IV,Cat Stevens
Change,The Real Life,John Mellencamp
Change,Virtual Insanity,Jamiroquai
Good Advice,If You Must,Del The Funky Homosapien
Good Advice,Find Out,Devo
The Sun,Sunshine,Low
The Sun,Judy Staring at the Sun,Catherine Wheel
The Sun,listen for the sun,the eames era
The Sun,The Sun Myth,Sun Ra
The Sun,A Man Called Sun,The Verve
The Sun,Eclipse,Veil Of Maya
The Sun,Can You Tell Me How to Get to Sesame Street,Joe Raposo
The Sun,Mister Sun Song,Barney
Fake News,It Says Here,Billy Bragg
Fake News,Uprising,Muse
Holes,Black Hole Sun,Soundgarden
Countdowns,Space Oddity,David Bowie
Backing Strings,Bitter Sweet Symphony,The Verve
Grunge,Black Hole Sun,Soundgarden
Elections,The End,The Doors
YouTube Hits,Never Gonna Give You Up,Rick Astley
Grocery,Lost in the Supermarket,The Clash
Stuttering,Psycho Killer,Talking Heads
Solitude,I am a Rock,Simon and Garfunkel
Sub choice,I Believe In A Thing Called Love,The Darkness
Yacht Rock,Africa,Toto
touching,I Touch Myself,Divinyls
Middle,The Middle,Jimmy Eat World
Hide,Rawhide,Blues Brothers
Darwin,We Threw Gasoline On The Fire And Now Have Stumps For Arms And No Eyebrows,NOFX
World,Wild World,Cat Stevens
Nervous,Psycho Killer,Talking Heads
Locations,Africa,Toto
Disco,Golden Years,David Bowie
Standalone,Love Will Tear Us Apart,Joy Division
Baseball,Go Cubs Go,Steve Goodman
Decay,Maggot Brain,Funkadelic
Hiding,Hide and Seek,Imogen Heap
Good Advice,Always Look on the Bright Side of Life,Monty Python
Middle,Our House,Madness
Space,Intergalactic,Beastie Boys
Xmas,Christmas Wrapping,The Waitresses
Under,Down Under,Men At Work
ADA,Loud Pipes,Ratatat
Baseball,Centerfield,John Fogerty
Running,I Ran,A Flock Of Seagulls
Storms,When The Levee Breaks,Led Zeppelin
Up to eleven,Suffragette city,David Bowie
Naked,Always Something There To Remind Me,Naked Eyes
Cemeteries,Eleanor Rigby,The Beatles
Disc Jockey,Video killed the radio star,The Buggles
Medicine,Lithium,Nirvana
Birds,Surfin Bird,The Trashmen
Bilingual,Games Without Frontiers,Peter Gabriel
Antonym,Stomach of Steel,Brunette
Stage to screen,Springtime For Hitler,The Producers
World,The Man Who Sold The World,David Bowie
Grunge,Even Flow,Pearl Jam
Fake News,Pure Imagination,Willy Wonka
Uncles,Uncle Fucker,Terrance and Phillip
Comfort,Comfortably Numb,Pink Floyd
Early MTV,Cars,Gary Numan
Stitches,House of The Rising Sun,The Animals
Human Rights,Biko,Peter Gabriel
Strange,Strange Fruit,Billie Holiday
Country life,In A Big Country,Big Country
Mouth,All Star,Smash Mouth
Black Again,Blackstar,David Bowie
Electronic,The Robots,Kraftwerk
Disco,Heart of Glass,Blondie
Stoner Sludge Metal,My God Is The Sun,Queens of the Stone Age
Songs That Teach,Monty Python,Galaxy Song
Beauty In Bleak,Transmission,Joy Division
Death,Blackstar,David Bowie
Rhymes,Train in Vain,The Clash
Running,Born To Run,Bruce Springsteen
Waiting,The Waiting,Tom Petty And The Heartbreakers
Game,Hide And Seek,Imogen Heap
Colours,Goodbye Yellow Brick Road,Elton John
Queens,You Can Call Me Al,Paul Simon
Spicy,Pepper,Butthole Surfers
Drum Breaks,When The Levee Breaks,Led Zeppelin
Before They Were Sampled,Thank You,Dido
Overworked,Working Man,Rush
Trump playlist,American Idiot,Green Day
body movements,Running Up That Hill,Kate Bush
The Afterlife,Heaven,Talking Heads
Leaving Home,Rocket Man,William Shatner
Spicy,Californication,Red Hot Chili Peppers
Legal Woes,Super Freak,Rick James
Misogyny,Bitches Aint Shit,Ben Folds
Itch,Theme Song,Itchy and Scratchy Show
Worm,Nobody Likes Us,The Kids in the Hall
Shy,Overkill,Men At Work
Adoption,This Night Has Opened My Eyes,The Smiths
Meta,Daft Punk Is Playing At My House,LCD Soundsystem
Meta,I Am The Walrus,The Beatles
Invasions,First We Take Manhattan,Leonard Cohen
Confessions,Sympathy For The Devil,The Rolling Stones
Beauty In Bleak,Always Look On The Bright Side Of Life,Monty Python
Reminiscing,Crocodile Rock,Elton John
Shocks and surprises,Lola,The Kinks
Human Rights,Know Your Rights,The Clash
Rejection,Lonely Boy,The Black Keys
Rivalry,The Devil Went Down To Georgia,Primus
Hate,She Hates Me,Puddle Of Mudd
Baseball,Glory Days,Bruce Springsteen
Running,Police On My Back,The Clash
World,The World Has Turned And Left Me Here,Weezer
Broadway,One Night In Bangkok,Murray Head
Nervous,Mad World,Tears for Fears
Waiting,Tired of Waiting,The Kinks
Grunge,The Day I Tried To Live,Soundgarden
Angst,Losing My Religion,REM
Collective Nouns,I Ran,A Flock Of Seagulls
Misanthropy,Working Class Hero,John Lennon
L,Rebel L,Sesame Street
Up to eleven,Ride of the Valkyries,Wagner
Clock Sounds,Time,Pink Floyd
Spring Break,Rock the Casbah,The Clash
Cemeteries,Thriller,Michael Jackson
Citrus,Tangerine,Led Zeppelin
Foolishness,Fool In The Rain,Led Zeppelin
My Top Tune,Feels Like We Only Go Backwards,Tame Impala
Songs That Teach,Sleep Now in the Fire,Rage Against The Machine
Colin,Overkill,Colin Hay
Tempo change,A Day In The Life,The Beatles
Tempo change,Bohemian Rhapsody,Queen
Human Rights,A Change Is Gonna Come,Sam Cooke
Strange,Goodbye Stranger,Supertramp
Nightclub,Nightclubbing,Iggy Pop
boring,Bored In The USA,Father John Misty
Nervous,Nervous Breakdown,Black Flag
The Afterlife,Monkey Gone To Heaven,The Pixies
The Afterlife,Straight to Hell,The Clash
Vivid Description,Life In A Northern Town,Dream Academy
Song Of My People,Loser,Beck
Stuttering,My Generation,The Who
Floods,When The Levee Breaks,Led Zeppelin
The Sun,Here Comes The Sun,The Beatles
Solitude,Eleanor Rigby,The Beatles
Colours,Purple Haze,The Jimi Hendrix Experience
Safari,Africa,Toto
Queens,Time After Time,Cyndi Lauper
Mean,Go Your Own Way,Fleetwood Mac
Appreciation,Praise You,Fatboy Slim
Holes,Pepper,Butthole Surfers
Talking,Talking in Your Sleep,The Romantics
Radio Retirement,Hotel California,Eagles
Monday,Manic Monday,The Bangles
Stereo Effects,Moving In Stereo,The Cars
World Party Day,Party All the Time,Eddie Murphy
Distortion,Revolution,The Beatles
Big bands,Maggot Brain,Funkadelic
Big bands,The Impression That I Get,The Mighty Mighty Bosstones
Spring Break,Ocean Man,Ween
Early MTV,Girls On Film,Duran Duran
Trademarks,Aneurysm,Nirvana
Verbose,Only In Dreams,Weezer
Falling,Fell In Love With A Girl,The White Stripes
Name Chain II,Punk Rock Girl,The Dead Milkmen
Unexpected,Helter Skelter,The Beatles
Mule,Get Behind The Mule,Tom Waits
Studio mistakes,A Day In The Life,The Beatles
Studio mistakes,Roxanne,The Police
Skin,Scar Tissue,Red Hot Chili Peppers
Ode to Pets,I Wanna Be Your Dog,The Stooges
Caring,We Care A Lot,Faith No More
Space,Major Tom,Peter Schilling
Under,Under My Thumb,The Rolling Stones
Internationally Diverse Bands,Loverman,Nick Cave and the Bad Seeds
Band Tragedies,Transmission,Joy Division
Bald,Blue Sky Mine,Midnight Oil
New In Town,New Kid In Town,The Eagles
Grease,Greased Lightning,Grease
Favors,The Weight,The Band
Running,Fuck and Run,Liz Phair
Lunch,Girls Just Want To Have Lunch,Weird Al Yankovic
Busy,Flight of the Bumblebee,Itzhak Perlman
Liquor,One Bourbon One Scotch One Beer,John Lee Hooker
Liquor,White Lightning,George Jones
Introduction,Yonkers,Tyler The Creator
Soft Drinks,Institutionalized,Suicidal Tendencies
Leaving Home,The Ballad Of Bilbo Baggins,Leonard Nimoy
Sequels,Ashes To Ashes,David Bowie
Smooth,Smooth Operator,Sade
Locations,Electric Avenue,Eddy Grant
Album Name In Lyrics,Smells Like Teen Spirit,Nirvana
Beach,Wicked Game,Chris Isaak
Appreciation,Thank You For Sending Me An Angel,Talking Heads
Appreciation,Thank You,Dido
Goth,Cities in Dust,Siouxsie and the Banshees
covfefe,Kill The Poor,Dead Kennedys
Holes,The Pit,Mouse Rat
Rise,Rise Above,Black Flag
Shy,Ask,The Smiths
Confusion,Confusion,Alice In Chains
Awkward,Creep,Radiohead
Cemeteries,The Ecstasy of Gold,Ennio Morricone
Synonyms,Existence During a Period of International Military Conflict,Talking Heads
Citrus,Rip it Up,Orange Juice
Pants,The Jean Genie,David Bowie
touching,Sweet Caroline,Neil Diamond
My Top Tune,Santeria,Sublime
Concert Openers,Come Together,The Beatles
Stitches,Coat of Many Colors,Dolly Parton
Fur,Several Species of Small Furry Animals Gathered Together in a Cave Grooving with a Pict,Pink Floyd
Silly,Silly love Songs,Paul McCartney and Wings
Sleigh Bells,I Wanna Be Your Dog,The Stooges
Sleigh Bells,God Only Knows,The Beach Boys
Medicine,Girl You Have No Faith In Medicine,The White Stripes
Under,Trampled Under Foot,Led Zeppelin
Drama,The Trial,Pink Floyd
Lifesavers,Avant Gardener,Courtney Barnett
Reeds,Bad Town,Operation Ivy
Fast,Theme Song,Sonic X
Ambition,Fast Car,Tracy Chapman
Pain,Cure for Pain,Morphine
Stage to screen,Sweet Transvestite,The Rocky Horror Picture Show
Trump playlist,Fired,Ben Folds
Cheating,The Card Cheat,The Clash
Nervous,Burn The Witch,Radiohead
body movements,The Twist,Chubby Checker
Look Through Devices,Kaleidoscope,Procol Harum
Blind,Blinded by the Light,Bruce Springsteen
Grunge,Bruise Violet,Babes In Toyland
The Afterlife,Tears in Heaven,Eric Clapton
Game,Games Without Frontiers,Peter Gabriel
Song Of My People,Down Under,Men At Work
Labor,Working In a Coal Mine,Devo
Awesome names,Several Species of Small Furry Animals Gathered Together in a Cave and Grooving with a Pict,Pink Floyd
Change,I Can Change,LCD Soundsystem
The Sun,Good Day Sunshine,Paul McCartney
The Sun,Sun King,The Beatles
FLAIR,IT MAKES NO GODDAMN SENSE,WHAT IS THIS THEME
Back To School,My Old School,Steely Dan
Angst,Surrender,Cheap Trick
Drupe,Cherry Bomb,The Runaways
Colours,Little Red Corvette,Prince
Colours,Purple Rain,Prince
Disappear,How To Disappear Completely,Radiohead
Beach,Island In The Sun,Weezer
Moving Day,Goodbye Yellow Brick Road,Elton John
Shades of Gray,In Between Days,The Cure
Firsts,Good Times Bad Times,Led Zeppelin
Legal Woes,Cease To Exist,Charles Manson
Compliments,Nobody Does It Better,Carly Simon
Holes,In a Hole,The Jesus and Mary Chain
Rise,Rise,Public Image Limited
L,Lay Lady Lay,Bob Dylan
Up to eleven,Bulls on Parade,Rage Against The Machine
Tuesday,Ruby Tuesday,The Rolling Stones
Clock Sounds,A Day In The Life,The Beatles
Naked,Torn,Natalie Imbruglia
Medieval Vibe,Knights of The Round Table,Monty Python
Foolishness,Fooled Around and Fell in Love,Elvin Bishop
Early,Sunday Morning,Velvet Underground
Meta,Glass Onion,The Beatles
Early MTV,Shock The Monkey,Peter Gabriel
touching,Touch Me,The Doors
Diamonds in the Rough,Karma Chameleon,Culture Club
Stitches,Sewn Back Together Wrong,Dethklok
Misspelings,Check The Rhime,A Tribe Called Quest
Colin,Take Me Home,Phil Collins
Caring,Ticket to Ride,The Beatles
Caring,Caring is Creepy,The Shins
January,January Wedding,The Avett Brothers
Trashy,I Love Trash,Oscar the Grouch
MTT Nominations,Old Man,Love
Medicine,Novocaine For The Soul,Eels
Under,Going Underground,The Jam
Band Tragedies,Back On The Chain Gang,The Pretenders
Band Tragedies,Hallelujah,Jeff Buckley
Rhymes,Insane In The Brain,Cypress Hill
Birds,When Doves Cry,Prince
VIPs,Career Opportunities,The Clash
Bald,The Everlasting Gaze,The Smashing Pumpkins
Rejection,We Are Never Ever Getting Back Together,Taylor Swift
Darwin,Pepper,Butthole Surfers
Fast,Jerry Was A Race Car Driver,Primus
Fast,Fast Cars,Buzzcocks
Overworked,Working in the Coalmine,Devo
Antonym,Run Of Death,Smooth sailing
Complaining,Satisfaction,The Rolling Stones
Scream,Earth Died Screaming,Tom Waits
Baseball,For The Turnstiles,Neil Young
Trump playlist,Wonderwall,Oasis
Trump playlist,Kill The Poor,Dead Kennedys
Running,Take It On The Run,REO Speedwagon
World,Ana Ng,They Might Be Giants
World,The World I Know,Collective Soul
Waiting,Waiting On A Friend,The Rolling Stones
Grunge,Heart Shaped Box,Father John Misty
Liquor,Jesus and Tequila,Minutemen
Sub choice,Me and Julio Down by the Schoolyard,Paul Simon
Soft Drinks,Mellow Yellow,Donovan
Storms,Riders On The Storm,The Doors
The Sun,Waiting For The Sun,The Doors
Angst,Once In a Lifetime,Talking Heads
Well,Well Well Well,John Lennon
Florida,Walk on the Wild Side,Lou Reed
Colours,Black Tie White Noise,David Bowie
Grass,Second Hand News,Fleetwood Mac
Spicy,Sex Dwarf,Soft Cell
Love conjugations,The Lovecats,The Cure
Black Again,Fell On Black Days,Soundgarden
Firsts,Killing An Arab,The Cure
Legal Woes,Bitter Sweet Symphony,The Verve
Sharing,Imagine,John Lennon
Comfort,Lean On Me,Bill Withers
Misogyny,Piss up a Rope,Ween
Misogyny,Smack My Bitch Up,The Prodigy
Holes,Bunghole Sun,Beavis and Butthead
Force,Killing In the Name,Rage Against The Machine
Conflict,We Can Work it Out,The Beatles
Judaism,Tradition,Fiddler on the Roof
Talking,Something To Talk About,Bonnie Raitt
Radio Retirement,Sledgehammer,Peter Gabriel
Reading,If You Could Read My Mind,Gordon Lightfoot
Epic Solos,crazy little thing called love,Queen
Big bands,East Hastings,Godspeed You Black Emperor
Cemeteries,Cemetry Gates,The Smiths
Prog Rock,Thick As A Brick,Jethro Tull
Prog Rock,The Lamb Lies Down On Broadway,Genesis
Stoner Sludge Metal,Honey Bucket,Melvins
Pants,Forever in Blue Jeans,Neil Diamond
Before They Were Sampled,I Got A Woman,Ray Charles
Trademarks,Dani California,Red Hot Chili Peppers
My Top Tune,El Scorcho,Weezer
My Top Tune,Louie Louie,The Kingsmen
Standalone,This Is Radio Clash,The Clash
Standalone,We Can Work it Out,The Beatles
Concert Openers,Police on my back,The Clash
Songs That Teach,Hurricane,Bob Dylan
pretentious,Sprawl II,Arcade Fire
Studio mistakes,Oh Comely,Neutral Milk Hotel
aaaaand,Titties and Beer,Frank Zappa
Death,Keep Me In Your Heart,Warren Zevon
Ringtones,Ding Dong The Witch Is Dead,Klaus Nomi
Reminiscing,American Pie,Don McLean
Countdowns,The Final Countdown,Europe
Silly,Sit on My Face,Monty Python
Space,Satellite of Love,Lou Reed
New Starts,Feeling Good,Nina Simone
Nobody,Nowhere Man,The Beatles
Architecture,We Built This City,Starship
Medicine,Cure For Pain,Morphine
Medicine,The Pill,Loretta Lynn
Under,Under the Boardwalk,The Drifters
Overworked,Harder Better Faster,Daft Punk
Antonym,Orange Friday,Old Anarchy
Grocery,Abominable Snowman In The Market,Jonathan Richman and The Modern Lovers
Soap,Touch Me,The Doors
Complaining,Flagpole Sitta,Harvey Danger
Favors,Help Me Rhonda,Beach Boys
Chicago,Homecoming,Kanye West
Trump playlist,Demagogue,Franz Ferdinand
World,The Globe,Big Audio Dynamite
Suggestion Box,Human Fly,The Cramps
Cheating,Your Cheatin Heart,Hank William Sr
Cheating,Back Door Man,The Doors
Cheating,Tempted,Squeeze
Nervous,The Boy With The Perpetual Nervousness,The Feelies
body movements,I Touch Myself,Divinyls
body movements,Sit on My Face,Monty Python
Accidents,A Day In The Life,The Beatles
Blind,Doctor My Eyes,Jackson Browne
Grunge,Cherub Rock,Smashing Pumpkins
The Afterlife,Eraserhead,In Heaven
Liquor,Rum and Coca Cola,The Andrews Sisters
Liquor,Whiskey In The Jar,Thin Lizzy
stcbu,Down To The River To Pray,Alison Krauss
Sub choice,Possum Kingdom,The Toadies
Uniforms,Major Tom,Peter Schilling
Game,the name game,shirley ellis
Not on the Soundtrack,Sweet Emotion,Aerosmith
Stuttering,Cherry Bomb,The Runaways
Stuttering,Poker Face,Lady Gaga
Shuffle,Too Drunk to Fuck,Dead Kennedys
Change,Changes,Black Sabbath
The Sun,Blister In The Sun,Violent Femmes
The Sun,Who Loves The Sun,The Velvet Underground
Angst,The End,The Doors
Sequels,Phantom Pt II,Justice
Safari,Wipe Out,Surfaris
Surf,Misirlou,Dick Dale
MTT Retirement Party,Never Gonna Give You Up,Rick Astley
Reassurance,Never Gonna Give You Up,Rick Astley
Holes,Black Hole Sun,Soundgarden
Midlife crisis,Once In A Life Time,Talking Heads
Countdowns,Space Oddity,David Bowie
Backing Strings,Bitter Sweet Symphony,The Verve
Grunge,Black Hole Sun,Soundgarden
Artist Mentions,Buddy Holly,Weezer
AHHH,Immigrant Song,Led Zeppelin
Fictional Places,Suffragette City,David Bowie
Uncool,Loser,Beck
Newspapers,A Day In The Life,The Beatles
Forgetting,Who Are You,The Who
Joe,Cotton Eye Joe,Rednex
Elections,The End,The Doors
Bullying,Jeremy,Pearl Jam
Chuck Berry,Johnny B Good,Marty McFly
YouTube Hits,Never Gonna Give You Up,Rick Astley
Current Events,Should I Stay Or Should I Go,The Clash
Light,There is A Light That Never Goes Out,The Smiths
Need,All You Need Is Love,The Beatles
Freaks,I Fink U Freeky,Die Antwood
Grocery,Lost in the Supermarket,The Clash
Unintelligible,Louie Louie,The Kingsmen
Country,Jolene,Dolly Parton
LGBT,Sweet Transvestite,The Rocky Horror Picture Show
Stuttering,Psycho Killer,Talking Heads
Solitude,I am a Rock,Simon and Garfunkel
Sub choice,I Believe In A Thing Called Love,The Darkness
Crossover Covers,Hurt,Johnny Cash
slang,Valley Girl,Moon Zappa
DANGER,Danger Zone,Kenny Loggins
insanity,Psycho Killer,Talking Heads
Yacht Rock,Africa,Toto
touching,I Touch Myself,Divinyls
Middle,The Middle,Jimmy Eat World
Hide,Rawhide,Blues Brothers
Darwin,We Threw Gasoline On The Fire And Now Have Stumps For Arms And No Eyebrows,NOFX
Telephone,Telephone Line,Electric Light Orchestra
Hats,Safety Dance,Men Without Hats
Lesser Known Original,Tainted Love,Gloria Jones
Butts,Fat Bottomed Girls,Queen
Heart,Owner of a Lonely Heart,Yes
World,Wild World,Cat Stevens
Nervous,Psycho Killer,Talking Heads
Glass,Heart Of Glass,Blondie
Silence,The Sound Of Silence,Simon And Garfunkel
Blood,Werewolves of London,Warren Zevon
Iconic Intros,The Final Countdown,Europe
Groundhog Day,THE BEST THE BEST THE BEST THE BEST THE BEST THE BEST THE BEST THE BEST,Foo Fighters
MTT Retirement Party,Sandstorm,Darude
Heroes,Heroes,David Bowie
Wind,Waving My Dick In The Wind,Ween
instrumental xmas,Linus And Lucy,Vince Guaraldi Trio
Norse,Immigrant Song,Led Zeppelin
Australia,Down Under,Men At Work
Lesser Known Original,Black Betty,Leadbelly
Scary,One,Metallica
Weapons,Bang Bang,Nancy Sinatra
Locations,Africa,Toto
Disco,Golden Years,David Bowie
Standalone,Love Will Tear Us Apart,Joy Division
Baseball,Go Cubs Go,Steve Goodman
Ages,It Was A Very Good Beer,Homer Simpson
MTT Retirement Party,Smells Like Teen Spirit,Nirvana
smells,Smells Like Teen Spirit,Nirvana
Inappropriate,White Wedding,Billy Idol
Gossip,I Heard it Through the Grapevine,Marvin Gaye
Decay,Maggot Brain,Funkadelic
Hiding,Hide and Seek,Imogen Heap
Smoke,Smoke Two Joints,Sublime
Suits,Sharp Dressed Man,ZZ Top
Grey,Touch Of Grey,The Grateful Dead
Falsetto,Kiss,Prince
Bathrooms,Splish Splash,Bobby Darin
Hot,White Light White Heat,The Velvet Underground
Surnames,Clint Eastwood,Gorillaz
Toys,Barbie Girl,Aqua
Vacation,Holiday in Cambodia,Dead Kennedys
Friendship,Just a Friend,Biz Markie
Eyes,Eye Of The Tiger,Survivor
Good Advice,Always Look on the Bright Side of Life,Monty Python
Middle,Our House,Madness
Space,Intergalactic,Beastie Boys
Xmas,Christmas Wrapping,The Waitresses
Under,Down Under,Men At Work
ADA,Loud Pipes,Ratatat
Baseball,Centerfield,John Fogerty
Only,God Only Knows,The Beach Boys
Literature,The Ballad of Bilbo Baggins,Leonard Nimoy
Dark,I Believe In A Thing Called Love,The Darkness
May,You May Be Right,Billy Joel
Camping,The Campfire Song Song,Spongebob Squarepants
Great choreography,Thriller,Michael Jackson
Acronyms,YMCA,Village People
Parents,Papa Was A Rolling Stone,The Temptations
Posthumous,Love Will Tear Us Apart,Joy Division
Addiction,Orgasm Addict,The Buzzcocks
In Memorium,Lazarus,David Bowie
Misinterpreted,Born in the USA,Bruce Springsteen
Aliens,Ziggy Stardust,David Bowie
Rodents,Andy Kaufman,Mighty Mouse
Math,Pocket Calculator,Kraftwerk
Masturbation,I Touch Myself,Divinyls
Prostitution,Roxanne,The Police
Severe Weather,Riders On The Storm,The Doors
Rock As Verb,Rock Me Amadeus,Falco
Woodwind,Baker Street,Gerry Rafferty
Worst,Axel F,Crazy Frog
Storms,When The Levee Breaks,Led Zeppelin
Up to eleven,Suffragette city,David Bowie
Naked,Always Something There To Remind Me,Naked Eyes
Cemeteries,Eleanor Rigby,The Beatles
Disc Jockey,Video killed the radio star,The Buggles
Medicine,Lithium,Nirvana
Birds,Surfin Bird,The Trashmen
Bilingual,Games Without Frontiers,Peter Gabriel
Antonym,Stomach of Steel,Brunette
Stage to screen,Springtime For Hitler,The Producers
Running,I Ran,A Flock Of Seagulls
World,The Man Who Sold The World,David Bowie
Grunge,Even Flow,Pearl Jam
Rescue,Message in a Bottle,The Police
Social Media,I Heard It Through The Grapevine,Marvin Gaye
Smoke,Smoke Gets In Your Eyes,The Platters
Singing Drummers,Octopus Garden,The Beatles
Other Languages,Psycho Killer,Talking Heads
Joe,Hey Joe,The Jimi Hendrix Experience
Iconic Intros,Iron Man,Black Sabbath
Rap Features,Clint Eastwood,Gorillaz
Hats,Raspberry Beret,Prince
Best New Artist,No Rain,Blind Melon
Monopoly,Take A Chance On Me,Abba
allstar teamups,Handle With Care,Traveling Wilburys
Soul,Dead Souls,Joy Division
Controversy,Smack My Bitch Up,The Prodigy
Jeopardy,I Lost on Jeopardy,Weird Al Yankovic
Fictional Places,Atlantis,Donovan
Scary,Come To Daddy,Aphex Twin
Sounds Of Nature,Riders On the Storm,The Doors
Betrayal,I Heard It Through The Grapevine,Marvin Gaye
Left,Pancho and Lefty,Townes Van Zandt
psychedelic,White Rabbit,Jefferson Airplane
Prostitution,Christmas Card From a Hooker in Minneapolis,Tom Waits
Destruction,Burning Down the House,Talking Heads
Cameos,You Can Call Me Al,Paul Simon
Fake News,Pure Imagination,Willy Wonka
Uncles,Uncle Fucker,Terrance and Phillip
Comfort,Comfortably Numb,Pink Floyd
Early MTV,Cars,Gary Numan
Stitches,House of The Rising Sun,The Animals
Human Rights,Biko,Peter Gabriel
Strange,Strange Fruit,Billie Holiday
Country life,In A Big Country,Big Country
Sweet Suites,Roundabout,Yes
Suave,Smooth Operator,Sade
Olympic Hosts,Moskau,Dschingis Khan
Glass,Walking on Broken Glass,Annie Lennox
Fashion,Sharp Dressed Man,ZZ Top
Four Letter Bands,Africa,Toto
Girl Groups,Be My Baby,The Ronettes
Fun,Fun Fun Fun,The Beach Boys
Anagrams,Full Diaper,Pat Benatar
Harmonica,In The Garage,Weezer
Artist Title Related,Drive,The Cars
Whatever,Que Sera Sera,Doris Day
Lesser Known Original,Cum On Feel The Noize,Slade
Lesser Known Original,I will always love you,Dolly Parton
Zoo,Takin Retards To The Zoo,Dead Milkmen
No chorus,Bohemian Rhapsody,Queen
Magic,Every Little Thing She Does Is Magic,The Police
psychedelic,Maggot Brain,Funkadelic
History Lesson,The Wreck of the Edmund Fitzgerald,Gordon Lightfoot
Severe Weather,No Rain,Blind Melon
Severe Weather,When The Levee Breaks,Led Zeppelin
Darkness,I Believe in a Thing Called Love,The Darkness
Specs Appeal,Sunglasses at Night,Corey Hart
Mononymous,Waiting Room,Fugazi
Summer,In the Summertime,Mungo Jerry
Repetitive,Surfin Bird,The Trashmen
Mouth,All Star,Smash Mouth
Black Again,Blackstar,David Bowie
Electronic,The Robots,Kraftwerk
Disco,Heart of Glass,Blondie
Stoner Sludge Metal,My God Is The Sun,Queens of the Stone Age
Songs That Teach,Monty Python,Galaxy Song
Beauty In Bleak,Transmission,Joy Division
Death,Blackstar,David Bowie
Rhymes,Train in Vain,The Clash
Running,Born To Run,Bruce Springsteen
Waiting,The Waiting,Tom Petty And The Heartbreakers
Game,Hide And Seek,Imogen Heap
Globetrotting,A Passage To Bangkok,Rush
Fashion,The Model,Kraftwerk
Silence,Enjoy The Silence,Depeche Mode
Animated Videos,Money For Nothing,Dire Straits
Iconic Intros,The Immigrant Song,Led Zeppelin
Drugs,Pusherman,Curtis Mayfield
Camping,Hello Muddah Hello Faddah,Allan Sherman
Crossover Covers,Enter Sandman,Pat Boone
Great choreography,Weapon Of Choice,Fatboy Slim
Hands,Too Much Time On My Hands,Styx
reverse,Work It,Missy Elliott
MTT Retirement Party,Bohemian Rhapsody,Queen
Disasters,The Wreck of the Edmund Fitzgerald,Gordon Lightfoot
Disasters,Landslide,Fleetwood Mac
Unintelligible,In A Gadda Da Vida,Iron Butterfly
Antiheroes,Bad Bad Leroy Brown,Jim Croce
Heroes,Holding Out For A Hero,Bonnie Tyler
Maybe,Wonderwall,Oasis
Hidden tracks,Train in Vain,The Clash
The Simpsons,Sending Our Love Down the Well,The Simpsons
Turn,Turning Japanese,The Vapors
Clowns,Stuck In The Middle With You,Stealers Wheel
Shine,Shine,Collective Soul
Bathrooms,Mirror in the Bathroom,The English Beat
Magic,Abracadabra,Steve Miller Band
Addresses,Electric Avenue,Eddy Grant
Johnny Cash,A Boy Named Sue,Johnny Cash
Fast food,Combination Pizza Hut and Taco Bell,Das Racist
Math,Add It Up,Violent Femmes
Math,Black Math,The White Stripes
Speech disorders,All I Want For Christmas Is My Two Front Teeth,Spike Jones
Speech disorders,My Generation,The Who
Dancing,Safety Dance,Men Without Hats
Rain,Chocolate Rain,Tay Zonday
Spheres and Circles,Ring of Fire,Johnny Cash
Colours,Goodbye Yellow Brick Road,Elton John
Queens,You Can Call Me Al,Paul Simon
Spicy,Pepper,Butthole Surfers
Drum Breaks,When The Levee Breaks,Led Zeppelin
Before They Were Sampled,Thank You,Dido
Overworked,Working Man,Rush
Trump playlist,American Idiot,Green Day
body movements,Running Up That Hill,Kate Bush
The Afterlife,Heaven,Talking Heads
Sweet Suites,Bohemian Rhapsody,Queen
Money,Take The Money And Run,The Steve Miller Band
Flaking out,Never There,CAKE
Weight,The Weight,The Band
Night Driving,Radar Love,Golden Earring
Smoke,Smoke on the Water,Deep Purple
Your Dedications,Down Under,Men At Work
Artist Mentions,Andy Warhol,David Bowie
Iconic Intros,The Rite of Spring,Igor Stravinsky
Drugs,Comfortably Numb,Pink Floyd
Title In First Line,The Beatles,She Loves You
Peace,Give Peace A Chance,John Lennon
Genre in Title,Tenacious D,The Metal
Final,Blackstar,David Bowie
MTT Retirement Party,Wonderwall,Oasis
Two,Just the two of us,Bill Withers
Please,Please Please Please Let Me Get What I Want,The Smiths
The Simpsons,In the Garden of Eden,The Simpsons
Four,Four Seasons,Vivaldi
Turn,Total Eclipse of the Heart,Bonnie Tyler
Scary Stories,The Gift,The Velvet Underground
Obit,Another One Bites the Dust,Queen
Mouth sounds,Pepper,Butthole Surfers
Leaving,Leaving On A Jet Plane,John Denver
Aliens,Space Age Love Song,A Flock of Seagulls
Aliens,Rapture,Blondie
Royalty,Killer Queen,Queen
Nostalgia,Jungle Love,The Time
Left,Pass the Dutchie,Musical Youth
Muppets,C is for Cookie,Cookie Monster
psychedelic,Set the Controls for the Heart of the Sun,Pink Floyd
Easy Cheez,All Out Of Love,Air Supply
Eponymous,Everybody Have Fun Tonight,Wang Chung
Cinema,Bette Davis Eyes,Kim Carnes
Fast,Fast Car,Tracy Chapman
Forest Animals,White Rabbit,Jefferson Airplane
Goth ,Lovesong,The Cure
Goth,Isolation,Joy Division
religion,My Sweet Lord,George Harrison
World capitals,London Calling,The Clash
Green,Green Onions,Booker T and the MGs
Hunting,Hungry Like The Wolf,Duran Duran
Chocolate,Chocolate Rain,Tay Zonday
Leaving Home,Rocket Man,William Shatner
Spicy,Californication,Red Hot Chili Peppers
Legal Woes,Super Freak,Rick James
Misogyny,Bitches Aint Shit,Ben Folds
Itch,Theme Song,Itchy and Scratchy Show
Worm,Nobody Likes Us,The Kids in the Hall
Shy,Overkill,Men At Work
Adoption,This Night Has Opened My Eyes,The Smiths
Meta,Daft Punk Is Playing At My House,LCD Soundsystem
Meta,I Am The Walrus,The Beatles
Invasions,First We Take Manhattan,Leonard Cohen
Confessions,Sympathy For The Devil,The Rolling Stones
Beauty In Bleak,Always Look On The Bright Side Of Life,Monty Python
Reminiscing,Crocodile Rock,Elton John
Shocks and surprises,Lola,The Kinks
Human Rights,Know Your Rights,The Clash
Rejection,Lonely Boy,The Black Keys
Rivalry,The Devil Went Down To Georgia,Primus
Hate,She Hates Me,Puddle Of Mudd
Baseball,Glory Days,Bruce Springsteen
Running,Police On My Back,The Clash
World,The World Has Turned And Left Me Here,Weezer
Broadway,One Night In Bangkok,Murray Head
Nervous,Mad World,Tears for Fears
Waiting,Tired of Waiting,The Kinks
Grunge,The Day I Tried To Live,Soundgarden
Money,Material Girl,Madonna
Creepy,Every Breath You Take,The Police
Suave,Sharp Dressed Man,ZZ Top
Flaking out,Because I Got High,Afroman
Olympic Hosts,Werewolves Of London,Warren Zevon
I Am,I Am A Rock,Simon and Garfunkel
Go,Should I Stay or Should I Go,The Clash
Fashion,Vogue,Madonna
Gambling,House Of The Rising Sun,Animals
Smiling,Smile,Lily Allen
Horns,Young Americans,David Bowie
Joe,Joey,Concrete Blonde
Iconic Intros,Smells Like Teen Spirit,Nirvana
Iconic Intros,Should I Stay or Should I Go,The Clash
Power,POWER,Kanye West
Power,Power of Love,Huey Lewis and the News
Goodbye,Lazarus,David Bowie
Broken Up,Here Comes Your Man,The Pixies
North,Life In A Northern Town,The Dream Academy
Fun,No Fun,The Stooges
Crossover Covers,My Way,Sid Vicious
Alarm,Time,Pink Floyd
Parties,Party All the Time,Eddie Murphy
Unrequited,Pink Triangle,Weezer
Dedication,Wish You Were Here,Pink Floyd
Parents,Mother,Danzig
In Memorium,Stand By Me,Ben E King
Antiheroes,Ziggy Stardust,David Bowie
Maybe,Call Me Maybe,Carly Rae Jepsen
Maybe,Maybe Baby,Buddy Holly
Sale,She Sells Sanctuary,The Cult
The Simpsons,The Monorail Song,The Simpsons
Saints,When The Saints Go Marching In,Louis Armstrong
Controversy,Louie Louie,The Kingsmen
Handclaps,Stuck In The Middle With You,Stealers Wheel
Wolves,Hungry Like The Wolf,Duran Duran
Native American,Electric Pow Wow Drum,A Tribe Called Red
Breathing,Take My Breath Away,Berlin
Leaving Home,Rocket Man,William Shatner
Song Of My People,Loser,Beck
Soft Drinks,Institutionalized,Suicidal Tendencies
Leaving Home,The Ballad Of Bilbo Baggins,Leonard Nimoy
Song Of My People,Down Under,Men At Work
Soft Drinks,Mellow Yellow,Donovan
Not on the Soundtrack,Sweet Emotion,Aerosmith
Soft Drinks,Yoda,Weird Al
Leaving Home,Wild World,Cat Stevens
Not on the Soundtrack,Where Is My Mind,Pixies
Song Of My People,Only Wanna Be With You,Hootie And The Blowfish
Soft Drinks,Having A Party,Sam Cooke
Soft Drinks,Lola,The Kinks
Leaving Home,Hit the Road Jack,Ray Charles
Leaving Home,Smalltown Boy,Bronski Beat
Leaving Home,By The Time I Get To Phoenix,Glen Campbell
Leaving Home,Goodbye Yellow Brick Road,Elton John
Even,Even Numbers,They Might Be Giants
Odd,Odds Of Even,Marilyn Manson
Song Of My People,Christmastime for the Jews,Darlene Love
Song Of My People,In The Garage,Weezer
Soft Drinks,Koka Kola,The Clash
Soft Drinks,Things Go Better With Coke,Otis Redding
Soft Drinks,I Want You,Savage Garden
Anthropology,In the Days of the Caveman,Crash Test Dummies
Anthropology,People Are People,Depeche Mode
Song Of My People,This Is Halloween,Danny Elfman
Song Of My People,Sweet Home Alabama,Lynyrd Skynyrd
Leaving Home,Love Is a Battlefield,Pat Benatar
Leaving Home,Goodbye Stranger,Supertramp
Leaving Home,Jet Airliner,Steve Miller Band
Not on the Soundtrack,Love Will Tear Us Apart,Joy Division
Odd,Just One Fix,Ministry
Odd,The Odd Couple,Billy May and His Orchestra
Song Of My People,Detroit Rock City,KISS
Song Of My People,Hooked on a Feeling,Blue Swede
Soft Drinks,Oh Oh I Love Her So,RAMONES
Soft Drinks,Here Comes Alice,The Jesus and Mary Chain
Leaving Home,Born to Run,Bruce Springsteen
Leaving Home,Saying Goodbye,The Muppets
Leaving Home,Ramble On,Led Zeppelin
Leaving Home,Honky Cat,Elton John
Anthropology,Queen of the Savages,The Magnetic Fields
Anthropology,My Old Man,The Smothers Brothers
Anthropology,New Dark Ages,Bad Religion
Anthropology,Human,The Killers
Anthropology,Slow Down You Grave Robbing Bastard,The Meteors
Anthropology,Raiders March,John Williams
Odd,Strange Phenomena,Kate Bush
Odd,The Odd Couple,Earnest Tubb and Loretta Lynn
Song Of My People,My Favorite Things,Maria
Song Of My People,Invincible,Pat Benatar
Song Of My People,Uptown,Prince
Song Of My People,Latchkey Kids,Good Tiger
Song Of My People,Bangla Desh,George Harrison
Song Of My People,Kids in America,Kim Wilde
Jive,Tired Of Your Jive,BB King
Jive,Hit That Jive,Gramatik
Jive,The Scenario,A Tribe Called Quest
Jive,Java Jive,The Ink Spots
Jive,Juke Box Jive,Rubettes
Jive,Rhine Jive Click,Guided By Voices
Jive,Our Love Will Last,The Jivers
Jive,Jiving Sister Fanny,Rolling Stones
Jive,Do You Love Me,The Contours
Not on the Soundtrack,Abduction At Airport from Big Trouble in Little China,John Carpenter
Not on the Soundtrack,Dissolved Girl,Massive Attack
Not on the Soundtrack,The Nightclub Brawl from Indiana Jones and the Temple of Doom,John Williams
Not on the Soundtrack,Heaven Is A Place On Earth,Belinda Carlisle
Odd,Odd Look,Kavinsky
Even,Even Less,Porcupine Tree
Odd,Lucky Number,Lene Lovich
Odd,Oddity,The Clean
Song Of My People,Here Comes Your Man,Pixies
Song Of My People,Rise Above,Black Flag
Song Of My People,TCR,Song of My People Sleaford Mods
Song Of My People,Oh England My Lionheart,Kate Bush
Song Of My People,King of Spain,Moxy Fruvous
Song Of My People,Tarzan Boy,Baltimora
Soft Drinks,Sweet and Dandy,Toots and the Maytals
Soft Drinks,Children of Marx and Coca Cola,The Lovefools
Soft Drinks,Brilliant Mistake,Elvis Costello
Leaving Home,Promised Land,Chuck Berry
Leaving Home,Step Back,Cringer
Anthropology,The Devil Put Dinosaurs Here,Alice In Chains
Anthropology,Hungry Heart,Bruce Springsteen
Jive,Born To Hand Jive,Sha Na Na
Jive,The Phat Jive,Patrick Lindsey
Jive,Virginia Plain,Roxy Music
Not on the Soundtrack,The Coming Storm,John Williams
Not on the Soundtrack,Nearer My God To Thee,Titanic
Odd,Bottom Of The Sea,Matt Nathanson
Even,Even It Up,HEART
Odd,Heterosexual Man,The Odds
Even,Over and Even,Joan Shelley
Even,Even Now,Barry Manilow
Song Of My People,The Way We Get By,Spoon
Song Of My People,I Will Light You On Fire,Golden Shoulders
Song Of My People,De La Rey,Bok Van Blerk
Song Of My People,A Pict Song,Billy Bragg
Song Of My People,North American Scum,LCD Soundsystem
Soft Drinks,Root Beer Rag,Billy Joel
Soft Drinks,Tall Cool One,Robert Plant
Soft Drinks,Go For Soda,Kim Mitchell
Soft Drinks,Lemme Take You To The Beach,Frank Zappa
Soft Drinks,White Slavery,Type O Negative
Soft Drinks,Praise The Lowered,Devin Townsend Project
Soft Drinks,Old Mother Nature,Lucifer
Soft Drinks,Programmable Soda,Tori Amos
Soft Drinks,State O Maine,Tim Sample
Leaving Home,Muirshin Durkin,The Pogues
Leaving Home,Leaving Home,Jebediah
Leaving Home,Miles Away,John Foxx
Leaving Home,Dreams Of Leaving,The Human League
Leaving Home,Leaving the Past,Immortal Technique
Anthropology,The Caves Of Altamira,Steely Dan
Anthropology,Diggin Up Bones,Randy Travis
Anthropology,The Bad Touch,Bloodhound Gang
Not on the Soundtrack,Cabin In The Air,Nancy Wilson
Not on the Soundtrack,Maniac,Michael Sembello
Not on the Soundtrack,I Am Waiting,Rolling Stones
Even,Cut From The Cloth,The Evens
Even,Garbage,Even Though Our Love Is Doomed
Even,Even In His Youth,Nirvana
Even,Marilyn Monroe,Pharrell Williams
Even,Not even jail,Interpol
Even,Even Dogs in the Wild,Associates
Even,Even Tho,Webb Pierce
Even,Bizarre Love Triangle,Even As We Speak
Soft Drinks,Babybird,Atomic Soda
Soft Drinks,Coca Cola Cowboy,Mel Tillis
Leaving Home,Rocket Man,William Shatner
Song Of My People,Loser,Beck
Soft Drinks,Institutionalized,Suicidal Tendencies
Leaving Home,The Ballad Of Bilbo Baggins,Leonard Nimoy
Song Of My People,Down Under,Men At Work
Soft Drinks,Mellow Yellow,Donovan
Not on the Soundtrack,Sweet Emotion,Aerosmith
Soft Drinks,Yoda,Weird Al
Leaving Home,Wild World,Cat Stevens
Not on the Soundtrack,Where Is My Mind,Pixies
Song Of My People,Only Wanna Be With You,Hootie And The Blowfish
Soft Drinks,Having A Party,Sam Cooke
Soft Drinks,Lola,The Kinks
Leaving Home,Hit the Road Jack,Ray Charles
Leaving Home,Smalltown Boy,Bronski Beat
Leaving Home,By The Time I Get To Phoenix,Glen Campbell
Leaving Home,Goodbye Yellow Brick Road,Elton John
Even,Even Numbers,They Might Be Giants
Odd,Odds Of Even,Marilyn Manson
Song Of My People,Christmastime for the Jews,Darlene Love
Song Of My People,In The Garage,Weezer
Soft Drinks,Koka Kola,The Clash
Soft Drinks,Things Go Better With Coke,Otis Redding
Soft Drinks,I Want You,Savage Garden
Anthropology,In the Days of the Caveman,Crash Test Dummies
Anthropology,People Are People,Depeche Mode
Song Of My People,This Is Halloween,Danny Elfman
Song Of My People,Sweet Home Alabama,Lynyrd Skynyrd
Leaving Home,Love Is a Battlefield,Pat Benatar
Leaving Home,Goodbye Stranger,Supertramp
Leaving Home,Jet Airliner,Steve Miller Band
Not on the Soundtrack,Love Will Tear Us Apart,Joy Division
Odd,Just One Fix,Ministry
Odd,The Odd Couple,Billy May and His Orchestra
Song Of My People,Detroit Rock City,KISS
Song Of My People,Hooked on a Feeling,Blue Swede
Soft Drinks,Oh Oh I Love Her So,RAMONES
Soft Drinks,Here Comes Alice,The Jesus and Mary Chain
Leaving Home,Born to Run,Bruce Springsteen
Leaving Home,Saying Goodbye,The Muppets
Leaving Home,Ramble On,Led Zeppelin
Leaving Home,Honky Cat,Elton John
Anthropology,Queen of the Savages,The Magnetic Fields
Anthropology,My Old Man,The Smothers Brothers
Anthropology,New Dark Ages,Bad Religion
Anthropology,Human,The Killers
Anthropology,Slow Down You Grave Robbing Bastard,The Meteors
Anthropology,Raiders March,John Williams
Odd,Strange Phenomena,Kate Bush
Odd,The Odd Couple,Earnest Tubb and Loretta Lynn
Song Of My People,My Favorite Things,Maria
Song Of My People,Invincible,Pat Benatar
Song Of My People,Uptown,Prince
Song Of My People,Latchkey Kids,Good Tiger
Song Of My People,Bangla Desh,George Harrison
Song Of My People,Kids in America,Kim Wilde
Jive,Tired Of Your Jive,BB King
Jive,Hit That Jive,Gramatik
Jive,The Scenario,A Tribe Called Quest
Jive,Java Jive,The Ink Spots
Jive,Juke Box Jive,Rubettes
Jive,Rhine Jive Click,Guided By Voices
Jive,Our Love Will Last,The Jivers
Jive,Jiving Sister Fanny,Rolling Stones
Jive,Do You Love Me,The Contours
Not on the Soundtrack,Abduction At Airport from Big Trouble in Little China,John Carpenter
Not on the Soundtrack,Dissolved Girl,Massive Attack
Not on the Soundtrack,The Nightclub Brawl from Indiana Jones and the Temple of Doom,John Williams
Not on the Soundtrack,Heaven Is A Place On Earth,Belinda Carlisle
Odd,Odd Look,Kavinsky
Even,Even Less,Porcupine Tree
Odd,Lucky Number,Lene Lovich
Odd,Oddity,The Clean
Song Of My People,Here Comes Your Man,Pixies
Song Of My People,Rise Above,Black Flag
Song Of My People,TCR,Song of My People Sleaford Mods
Song Of My People,Oh England My Lionheart,Kate Bush
Song Of My People,King of Spain,Moxy Fruvous
Song Of My People,Tarzan Boy,Baltimora
Soft Drinks,Sweet and Dandy,Toots and the Maytals
Soft Drinks,Children of Marx and Coca Cola,The Lovefools
Soft Drinks,Brilliant Mistake,Elvis Costello
Leaving Home,Promised Land,Chuck Berry
Leaving Home,Step Back,Cringer
Anthropology,The Devil Put Dinosaurs Here,Alice In Chains
Anthropology,Hungry Heart,Bruce Springsteen
Jive,Born To Hand Jive,Sha Na Na
Jive,The Phat Jive,Patrick Lindsey
Jive,Virginia Plain,Roxy Music
Not on the Soundtrack,The Coming Storm,John Williams
Not on the Soundtrack,Nearer My God To Thee,Titanic
Odd,Bottom Of The Sea,Matt Nathanson
Even,Even It Up,HEART
Odd,Heterosexual Man,The Odds
Even,Over and Even,Joan Shelley
Even,Even Now,Barry Manilow
Song Of My People,The Way We Get By,Spoon
Song Of My People,I Will Light You On Fire,Golden Shoulders
Song Of My People,De La Rey,Bok Van Blerk
Song Of My People,A Pict Song,Billy Bragg
Song Of My People,North American Scum,LCD Soundsystem
Soft Drinks,Root Beer Rag,Billy Joel
Soft Drinks,Tall Cool One,Robert Plant
Soft Drinks,Go For Soda,Kim Mitchell
Soft Drinks,Lemme Take You To The Beach,Frank Zappa
Soft Drinks,White Slavery,Type O Negative
Soft Drinks,Praise The Lowered,Devin Townsend Project
Soft Drinks,Old Mother Nature,Lucifer
Soft Drinks,Programmable Soda,Tori Amos
Soft Drinks,State O Maine,Tim Sample
Leaving Home,Muirshin Durkin,The Pogues
Leaving Home,Leaving Home,Jebediah
Leaving Home,Miles Away,John Foxx
Leaving Home,Dreams Of Leaving,The Human League
Leaving Home,Leaving the Past,Immortal Technique
Anthropology,The Caves Of Altamira,Steely Dan
Anthropology,Diggin Up Bones,Randy Travis
Anthropology,The Bad Touch,Bloodhound Gang
Not on the Soundtrack,Cabin In The Air,Nancy Wilson
Not on the Soundtrack,Maniac,Michael Sembello
Not on the Soundtrack,I Am Waiting,Rolling Stones
Even,Cut From The Cloth,The Evens
Even,Garbage,Even Though Our Love Is Doomed
Even,Even In His Youth,Nirvana
Even,Marilyn Monroe,Pharrell Williams
Even,Not even jail,Interpol
Even,Even Dogs in the Wild,Associates
Even,Even Tho,Webb Pierce
Even,Bizarre Love Triangle,Even As We Speak
Soft Drinks,Babybird,Atomic Soda
Soft Drinks,Coca Cola Cowboy,Mel Tillis
Leaving Home,Rocket Man,William Shatner
Song Of My People,Loser,Beck
Soft Drinks,Institutionalized,Suicidal Tendencies
Leaving Home,The Ballad Of Bilbo Baggins,Leonard Nimoy
Song Of My People,Down Under,Men At Work
Soft Drinks,Mellow Yellow,Donovan
Not on the Soundtrack,Sweet Emotion,Aerosmith
Soft Drinks,Yoda,Weird Al
Leaving Home,Wild World,Cat Stevens
Not on the Soundtrack,Where Is My Mind,Pixies
Song Of My People,Only Wanna Be With You,Hootie And The Blowfish
Soft Drinks,Having A Party,Sam Cooke
Soft Drinks,Lola,The Kinks
Leaving Home,Hit the Road Jack,Ray Charles
Leaving Home,Smalltown Boy,Bronski Beat
Leaving Home,By The Time I Get To Phoenix,Glen Campbell
Leaving Home,Goodbye Yellow Brick Road,Elton John
Even,Even Numbers,They Might Be Giants
Odd,Odds Of Even,Marilyn Manson
Song Of My People,Christmastime for the Jews,Darlene Love
Song Of My People,In The Garage,Weezer
Soft Drinks,Koka Kola,The Clash
Soft Drinks,Things Go Better With Coke,Otis Redding
Soft Drinks,I Want You,Savage Garden
Anthropology,In the Days of the Caveman,Crash Test Dummies
Anthropology,People Are People,Depeche Mode
Song Of My People,This Is Halloween,Danny Elfman
Song Of My People,Sweet Home Alabama,Lynyrd Skynyrd
Leaving Home,Love Is a Battlefield,Pat Benatar
Leaving Home,Goodbye Stranger,Supertramp
Leaving Home,Jet Airliner,Steve Miller Band
Not on the Soundtrack,Love Will Tear Us Apart,Joy Division
Odd,Just One Fix,Ministry
Odd,The Odd Couple,Billy May and His Orchestra
Song Of My People,Detroit Rock City,KISS
Song Of My People,Hooked on a Feeling,Blue Swede
Soft Drinks,Oh Oh I Love Her So,RAMONES
Soft Drinks,Here Comes Alice,The Jesus and Mary Chain
Leaving Home,Born to Run,Bruce Springsteen
Leaving Home,Saying Goodbye,The Muppets
Leaving Home,Ramble On,Led Zeppelin
Leaving Home,Honky Cat,Elton John
Anthropology,Queen of the Savages,The Magnetic Fields
Anthropology,My Old Man,The Smothers Brothers
Anthropology,New Dark Ages,Bad Religion
Anthropology,Human,The Killers
Anthropology,Slow Down You Grave Robbing Bastard,The Meteors
Anthropology,Raiders March,John Williams
Odd,Strange Phenomena,Kate Bush
Odd,The Odd Couple,Earnest Tubb and Loretta Lynn
Song Of My People,My Favorite Things,Maria
Song Of My People,Invincible,Pat Benatar
Song Of My People,Uptown,Prince
Song Of My People,Latchkey Kids,Good Tiger
Song Of My People,Bangla Desh,George Harrison
Song Of My People,Kids in America,Kim Wilde
Jive,Tired Of Your Jive,BB King
Jive,Hit That Jive,Gramatik
Jive,The Scenario,A Tribe Called Quest
Jive,Java Jive,The Ink Spots
Jive,Juke Box Jive,Rubettes
Jive,Rhine Jive Click,Guided By Voices
Jive,Our Love Will Last,The Jivers
Jive,Jiving Sister Fanny,Rolling Stones
Jive,Do You Love Me,The Contours
Not on the Soundtrack,Abduction At Airport from Big Trouble in Little China,John Carpenter
Not on the Soundtrack,Dissolved Girl,Massive Attack
Not on the Soundtrack,The Nightclub Brawl from Indiana Jones and the Temple of Doom,John Williams
Not on the Soundtrack,Heaven Is A Place On Earth,Belinda Carlisle
Odd,Odd Look,Kavinsky
Even,Even Less,Porcupine Tree
Odd,Lucky Number,Lene Lovich
Odd,Oddity,The Clean
Song Of My People,Here Comes Your Man,Pixies
Song Of My People,Rise Above,Black Flag
Song Of My People,TCR,Song of My People Sleaford Mods
Song Of My People,Oh England My Lionheart,Kate Bush
Song Of My People,King of Spain,Moxy Fruvous
Song Of My People,Tarzan Boy,Baltimora
Soft Drinks,Sweet and Dandy,Toots and the Maytals
Soft Drinks,Children of Marx and Coca Cola,The Lovefools
Soft Drinks,Brilliant Mistake,Elvis Costello
Leaving Home,Promised Land,Chuck Berry
Leaving Home,Step Back,Cringer
Anthropology,The Devil Put Dinosaurs Here,Alice In Chains
Anthropology,Hungry Heart,Bruce Springsteen
Jive,Born To Hand Jive,Sha Na Na
Jive,The Phat Jive,Patrick Lindsey
Jive,Virginia Plain,Roxy Music
Not on the Soundtrack,The Coming Storm,John Williams
Not on the Soundtrack,Nearer My God To Thee,Titanic
Odd,Bottom Of The Sea,Matt Nathanson
Even,Even It Up,HEART
Odd,Heterosexual Man,The Odds
Even,Over and Even,Joan Shelley
Even,Even Now,Barry Manilow
Song Of My People,The Way We Get By,Spoon
Song Of My People,I Will Light You On Fire,Golden Shoulders
Song Of My People,De La Rey,Bok Van Blerk
Song Of My People,A Pict Song,Billy Bragg
Song Of My People,North American Scum,LCD Soundsystem
Soft Drinks,Root Beer Rag,Billy Joel
Soft Drinks,Tall Cool One,Robert Plant
Soft Drinks,Go For Soda,Kim Mitchell
Soft Drinks,Lemme Take You To The Beach,Frank Zappa
Soft Drinks,White Slavery,Type O Negative
Soft Drinks,Praise The Lowered,Devin Townsend Project
Soft Drinks,Old Mother Nature,Lucifer
Soft Drinks,Programmable Soda,Tori Amos
Soft Drinks,State O Maine,Tim Sample
Leaving Home,Muirshin Durkin,The Pogues
Leaving Home,Leaving Home,Jebediah
Leaving Home,Miles Away,John Foxx
Leaving Home,Dreams Of Leaving,The Human League
Leaving Home,Leaving the Past,Immortal Technique
Anthropology,The Caves Of Altamira,Steely Dan
Anthropology,Diggin Up Bones,Randy Travis
Anthropology,The Bad Touch,Bloodhound Gang
Not on the Soundtrack,Cabin In The Air,Nancy Wilson
Not on the Soundtrack,Maniac,Michael Sembello
Not on the Soundtrack,I Am Waiting,Rolling Stones
Even,Cut From The Cloth,The Evens
Even,Garbage,Even Though Our Love Is Doomed
Even,Even In His Youth,Nirvana
Even,Marilyn Monroe,Pharrell Williams
Even,Not even jail,Interpol
Even,Even Dogs in the Wild,Associates
Even,Even Tho,Webb Pierce
Even,Bizarre Love Triangle,Even As We Speak
Soft Drinks,Babybird,Atomic Soda
Soft Drinks,Coca Cola Cowboy,Mel Tillis
Abortion,$19.99 A.D.,Qwel (featuring Robust)
Abortion,6794700,Birmingham 6
Abortion,Abortion,Cars Can Be Blue
Abortion,Abortion,Doug E. Fresh &amp; the Get Fresh Crew
Abortion,Abortion,Kid Rock
Abortion,Abortion Is a Crime,Alpha Blondy
Abortion,Abortion Is Murder,P.O.D.
Abortion,Act of Love,Neil Young (featuring Pearl Jam)
Abortion,Adis, mam,Trigo Limpio
Abortion,All My Life,Paul Stookey
Abortion,All Things Go,Nicki Minaj
Abortion,Altering the Future,Death
Abortion,Amendment,Ani DiFranco
Abortion,At Conception,Cursive
Abortion,Aurlie,Colonel Reyel
Abortion,Autobiography,Nicki Minaj
Abortion,Baby Killer,Rackets &amp; Drapes
Abortion,Baby (Should I Have the Baby?),Cindy Lee Berryhill
Abortion,The Baby Stays,Sage Francis
Abortion,Baby's Gone,Heavens to Betsy
Abortion,A Baby's Prayer,Kathy Troccoli
Abortion,Back Alley Surgery,Malvina Reynolds
Abortion,Bear,The Antlers
Abortion,The Beat of Black Wings,Joni Mitchell
Abortion,Becky and the Baby,Jimmy Ibbotson
Abortion,Bellyache,Echobelly
Abortion,Beautiful Life,Trip Lee (featuring V. Rose)
Abortion,The Big 'A' = The Big 'M',Gary S. Paxton
Abortion,The Biggest Hurt,Barbara Fairchild
Abortion,Birthday I.O.U.,All
Abortion,Bitchcraft,Strelnikoff
Abortion,Black Chick, White Guy,Kid Rock
Abortion,Blood on the Leaves,Kanye West
Abortion,Blue Eyes Like Janey's,David Huff
Abortion,Bodies,The Sex Pistols
Abortion,Brick,Ben Folds Five
Abortion,Broken Inside,We As Human
Abortion,Broken People,KJ-52
Abortion,Burden In Your Hands,Underoath
Abortion,Butyric Acid,Consolidated
Abortion,The Call,Matt Kennon
Abortion,Can I Live?,Nick Cannon (featuring Anthony Hamilton)
Abortion,Candy Apple,xDISCIPLEx A.D.
Abortion,Carry the Blame,River City People
Abortion,Celebrate,Mack Maine
Abortion,Certi momenti,Pierangelo Bertoli
Abortion,Children Can Live (Without It),DC Talk
Abortion,Choices,Jeffrey Gaines
Abortion,Choirgirl,Cold Chisel
Abortion,Chotee,Bif Naked
Abortion,Chow Down,7 Year Bitch
Abortion,Clinic,Crash Vegas
Abortion,The Clinic,Hezekiah (featuring Ishe)
Abortion,Coathangers,Graham Parker &amp; The Rumour
Abortion,Con una estrella,Ricardo Arjona
Abortion,Convenient Homicide,Seventh Seal
Abortion,Cool,John Michael Montgomery
Abortion,Le cordon,Bigflo &amp; Oli
Abortion,Coulda Been,K. Sparks
Abortion,Curse of Blood,A.W.E. Band
Abortion,The Dancer,James Lee Stanley
Abortion,Dangerous Place,Julie Miller
Abortion,Dear Abbie (One Night of Passion),Little Sister
Abortion,December,Frida Hyvnen
Abortion,Dgnrations,Mes Aeux
Abortion,Dejame Vivir,Jenni Rivera
Abortion,Didn't Wanna Be Daddy,Jeffrey Gaines
Abortion,Die of Shame,Tilt
Abortion,DNA,Starlito and Don Trip
Abortion,Don't Pray on Me,Bad Religion
Abortion,Don't Worry,I Wayne
Abortion,Dr. Hatchet,Seventh Angel
Abortion,Dr. Tiller,Kendl Winter
Abortion,Due in June,Mayday!
Abortion,Elle attend son petit,Pierre Perret
Abortion,Everyday,The Saw Doctors
Abortion,Execution,Grammatrain
Abortion,La fabbricante d'angeli,Le Orme
Abortion,Fallopian Rhapsody,Lunachicks
Abortion,F.D.K. (Fearless Doctor Killers),Mudhoney
Abortion,Final Request,Value Pac
Abortion,First Do No Harm,Michael J. Tinker
Abortion,First Trimester,Illogic
Abortion,Formidable,Sylvain Sylvain
Abortion,The Freshmen,The Verve Pipe
Abortion,From Womb to Waste,Dying Fetus
Abortion,Fugu,Marianne Dissard
Abortion,The Future,Leonard Cohen
Abortion,Games of Chance and Circumstance,AD
Abortion,Get Your Gunn,Marilyn Manson
Abortion,The Gift of Life,Desmond Child
Abortion,Giving You Back,Robyn
Abortion,God Are You There,Eternity Focus
Abortion,God Has Lodged a Tenant in My Uterus,Tammy Faye Starlite
Abortion,Going Through Hell,Rittz
Abortion,Good, Bad, Ugly,Lecrae
Abortion,Good-Bye April,Kelita
Abortion,Goose Walking Over My Grave,Jay Munly
Abortion,Halo,Machine Head
Abortion,Hands on the Bible,Local H
Abortion,Happy Birthday,Flipsyde
Abortion,Hard to Make a Stand,Sheryl Crow
Abortion,Have Me,Jerry Blackwell
Abortion,Hellbound,The Breeders
Abortion,Hello Birmingham,Ani DiFranco
Abortion,Hide My Sin,Lorene Mann
Abortion,Homicide,Focal Point
Abortion,How Was I to Know,Sal Solo
Abortion,Howard,Rickie Lee Jones
Abortion,Human Garbage Can,Officer Negative
Abortion,Hypocrisy,Nuclear Assault
Abortion,I Blew Up the Clinic Real Good,Steve Taylor
Abortion,I Can't Afford It (I'm Gonna Have to Abort It),Wendy Ho
Abortion,I Can't Cry,The Silencers
Abortion,Spanish: Ilegal,No Te Va Gustar
Abortion,I Luv Abortion,Xiu Xiu
Abortion,If I Were a Killer,Galactic Cowboys
Abortion,If These Walls Could Talk,U.S. Girls
Abortion,I'll Be Good To You, Baby (A Message to the Silent Victim),Andra Crouch
Abortion,I'll Live Yesterdays,Lee Hazlewood
Abortion,In America,Creed
Abortion,In te,Nek
Abortion,In the Fields,Sara Hickman
Abortion,In the Line of Fire,Dogwood
Abortion,In the Morning,Anika Moa
Abortion,Into the Slaughter Basement,Here Comes the Kraken
Abortion,Invetro,Organized Konfusion
Abortion,Isobel,Dido
Abortion,Its Not the Time,Kendall Payne
Abortion,I Want to Live,The Right Brothers
Abortion,I Would Die For That,Kellie Coffey
Abortion,Jesus Loves You,Jewel
Abortion,Judge's Chair,Peggy Seeger
Abortion,Killers of the Unborn,Barren Cross
Abortion,Kitchenware &amp; Candybars,Stone Temple Pilots
Abortion,KKKill the Fetus,Esham
Abortion,L'Annonciation,Mylne Farmer
Abortion,La Femme Ftal,Digable Planets
Abortion,Legal Kill,King's X
Abortion,Let Me Live,Pat Boone
Abortion,Let's Get Out of Here,Blessid Union of Souls
Abortion,Life Inside You,Matthew West
Abortion,Lime Tree,Bright Eyes
Abortion,Little One,Madison Greene
Abortion,Little Ones,Phil Keaggy
Abortion,Lone Star,The Front Bottoms
Abortion,Lost Ones,J. Cole
Abortion,Lost Woman Song,Ani DiFranco
Abortion,Lucy,Skillet
Abortion,Malediction,Atomic Opera
Abortion,Mama Mama,Judy Collins
Abortion,Mandy Goes to Med School,The Dresden Dolls
Abortion,Manhattan, Kansas,Susan Werner
Abortion,Maria,Roberta D'Angelo
Abortion,Mary and Child,Born Against
Abortion,Miracle,Whitney Houston
Abortion,Moral Majority,Dead Kennedys
Abortion,Mortal Seed,Ephraim Lewis
Abortion,Murder Is Your Name,Venia
Abortion,Murder Me,Harvey Stripes
Abortion,Murder She Wrote,Chaka Demus &amp; Pliers
Abortion,Musa di nessuno,Afterhours
Abortion,My Special Child,Sinad O'Connor
Abortion,My Story,Jean Grae
Abortion,Nerea,Sauti Sol
Abortion,Never Been Born (Mercy),Stan Fortuna
Abortion,Nine-Month Blues,Peggy Seeger
Abortion,No Apology,Anti-Flag
Abortion,No Name Yet,Hangnail
Abortion,Not a Solution,Chokehold
Abortion,Nude as the News,Cat Power
Abortion,Oasis,Amanda Palmer
Abortion,Odious,Vigilantes of Love
Abortion,Operation Rescue,Bad Religion
Abortion,Papa Don't Preach,Madonna
Abortion,Pennsylvania Is,Everclear
Abortion,Piccola storia ignobile,Francesco Guccini
Abortion,Plastic Rose,Dave Alvin
Abortion,Play With the Boys,Exude
Abortion,Please, Survive!,Lightmare
Abortion,Potter's Field,Anthrax
Abortion,Poussire d'ange,Ariane Moffatt
Abortion,Pro LC,Jenni Potts
Abortion,The Promise,The Front
Abortion,Protestors,Christafari (featuring Papa San, Mr. Lynx. Monty G, and the GospelReggae.com All-Stars)
Abortion,Pro- (Your) Life,Arab Strap
Abortion,Pulling Weeds,Faster Pussycat
Abortion,Pure Imagination,Second Nature
Abortion,Push Dawta Push,Jah Bull
Abortion,Quartering Alive,Creation of Death
Abortion,Rapid City, South Dakota,Kinky Friedman
Abortion,Rainy Day,Pigeon John (featuring RedCloud)
Abortion,Real Killer,Tech N9ne
Abortion,Rebecca Rodifer,The Gaunga Dyns
Abortion,Red Ragtop,Tim McGraw
Abortion,The Resistance,Drake
Abortion,Retrospect for Life,Common (featuring Lauryn Hill)
Abortion,The Right to Choose,Oi Polloi
Abortion,Righteous Seed,Extra Life
Abortion,Ripped to Shreds,Dead Pharisees
Abortion,Rock A Bye Bye,Extreme
Abortion,Roses,Steve Green
Abortion,Rosie Jane,Malvina Reynolds
Abortion,Rosslyn Road,Mike &amp; Billy Nicholls
Abortion,RU 486,The Pain Teens
Abortion,Run Away,Bubba Sparxxx (featuring Frankie J)
Abortion,Runaway Love,Ludacris (featuring Mary J. Blige)
Abortion,Safe,Eligh and Jo Wilkinson (featuring Pigeon John and Slug of Atmosphere)
Abortion,Sally's Pigeons,Cyndi Lauper
Abortion,Samantha (What You Gonna Do?),Cellarful of Noise
Abortion,Sara,Fleetwood Mac
Abortion,Sea of Blood,Radiohalo
Abortion,The Secret,Vin Garbutt
Abortion,See No Evil,Holy Soldier
Abortion,See You Fall,How to Dress Well
Abortion,The Senator,Si Kahn and John McCutcheon
Abortion,Se quiere, se mata,Shakira
Abortion,Shasta (Carrie's Song),Vienna Teng
Abortion,She Wore a Red Carnation,Candye Kane
Abortion,Shit, Man!,Skylar Grey (featuring Angel Haze)
Abortion,Si Je T'avais cout,Les Nubians
Abortion,Sibling Rivalry,Sackcloth Fashion
Abortion,Sie hat geschrien,Selig
Abortion,Silent Cry,Robert Pierre
Abortion,Silent Scream,The Crucified
Abortion,Silent Scream,Tony Melendez
Abortion,Silent Scream,Slayer
Abortion,Silent Scream,Stutterfly
Abortion,Sixteen Thousand Faces,Pat Boone
Abortion,Slide,The Goo Goo Dolls
Abortion,Sometimes Miracles Hide,Bruce Carroll
Abortion,Song Groove (A/K/A Abortion Papers),Michael Jackson
Abortion,Song X,Neil Young (featuring Pearl Jam)
Abortion,Speculum,Adema
Abortion,Spin,Taking Back Sunday
Abortion,Stomach Ghost,The Darling DeMaes
Abortion,Story of Her Life,Mukala
Abortion,The Stranger,Kat Eggleston
Abortion,Sunshine and Dandelions,Cosmo Jarvis
Abortion,Superman,Marry Me Jane
Abortion,The Survivor,Phil Keaggy
Abortion,Tears Fall,BarlowGirl
Abortion,That Hospital,Loudon Wainwright III
Abortion,That's Love,Ricochet
Abortion,These Three Things,Type O Negative
Abortion,Third Planet,Modest Mouse
Abortion,This Time,John Elefante
Abortion,Tomorrow,Mat Kearney
Abortion,A Tool to Scream,Zao
Abortion,To Zion,Lauryn Hill
Abortion,Traffic,Stereophonics
Abortion,Unbeschreiblich weiblich,Nina Hagen
Abortion,Unborn,Caitlin Jane
Abortion,Unborn Child,The Rep
Abortion,Unborn Child,Seals and Crofts
Abortion,Unborn Me,G. Finale (featuring J'Maine Jones)
Abortion,The Unseen,Geto Boys
Abortion,Up All Night,Charlotte Martin
Abortion,Warm Sentiments,Arrested Development
Abortion,Water &amp; Bridges,Kenny Rogers
Abortion,What Do You Say,Robert Galea
Abortion,What If I,Lyrycyst (featuring Rachael Lampa)
Abortion,What It's Like,Everlast
Abortion,What's Going On,Remy Ma (featuring Keyshia Cole)
Abortion,When Under Ether,PJ Harvey
Abortion,White Crosses,Against Me!
Abortion,Who's the Victim,The Lead
Abortion,Why Oh Why,Holly Near
Abortion,Willie Mae,Steve Arrington
Abortion,Wisdom Is Watching,Carrie Newcomer
Abortion,Woman Child,Harry Chapin
Abortion,Womb,Wumpscut
Abortion,You Can't Be Too Strong,Graham Parker
Abortion,You My Child,Stuart Davis
Abortion,You vs Them,Jhen Aiko
Abortion,Your Escape,Tragedy Ann
Abortion,Your Pretty Baby,The 77s
Abortion,(You're) Having My Baby,Paul Anka (featuring Odia Coates)
Nuclear War,Adrian,Eurythmics
Nuclear War,Afraid of the Russians,Made for TV
Nuclear War,After the Holocaust,Nuclear Assault
Nuclear War,After the War,Asia
Nuclear War,Aftermath,Armored Saint
Nuclear War,Aftershock,Anthrax
Nuclear War,All Fall Down,B-Movie
Nuclear War,Always the Sun,The Stranglers
Nuclear War,American Soviets,CCCP
Nuclear War,April 2031,Warrant
Nuclear War,Armageddon Days (Are Here Again),The The
Nuclear War,Atom Drub Bop,The Three Johns
Nuclear War,Atom Tan,The Clash
Nuclear War,Atomic Dog,George Clinton and the P-Funk All-Stars
Nuclear War,Atomic Playboys,Steve Stevens
Nuclear War,Back to Zero,The Rolling Stones
Nuclear War,Beat Street,Grandmaster Flash and the Furious Five
Nuclear War,Beneath the Remains,Sepultura
Nuclear War,Between the Wheels,Rush
Nuclear War,Billy's Line,Red Box
Nuclear War,Birthright,Anderson, Bruford, Wakeman, Howe
Nuclear War,Black Celebration,Depeche Mode
Nuclear War,Black Planet,The Sisters of Mercy
Nuclear War,Blackened,Metallica
Nuclear War,Blossom and Blood,Midnight Oil
Nuclear War,Blow the House Down,Siouxsie and the Banshees
Nuclear War,Blowin' Sky High,Berlin
Nuclear War,Bombers,David Bowie
Nuclear War,Bomb Iran,JC &amp; The B-1 Bombers
Nuclear War,Bombe the Russians,Fear
Nuclear War,Boom Box,Vitabeats
Nuclear War,Breathing,Kate Bush
Nuclear War,Brighter Than A Thousand Suns,Iron Maiden
Nuclear War,Burning Down the House,Talking Heads
Nuclear War,Burning Heart,Survivor
Nuclear War,Can't Stop Running,Space Monkey
Nuclear War,Chain Reaction,Journey
Nuclear War,Channel-Z,The B-52's
Nuclear War,Chemical Warfare,Slayer
Nuclear War,Cities in Dust,Siouxsie &amp; The Banshees
Nuclear War,Claude Rains,The Front Lawn
Nuclear War,Clean, Clean,Bruce Woolley and the Camera Club / The Buggles
Nuclear War,Cloudburst at Shingle St.,Thomas Dolby
Nuclear War,Come Away Melinda,Bobbie Gentry
Nuclear War,Countdown to Zero,Asia
Nuclear War,Crawl Out Through the Fallout,Sheldon Allman
Nuclear War,Cries of Help,Discharge
Nuclear War,Cruise,David Gilmour
Nuclear War,Cruise Missiles,Fischer-Z
Nuclear War,Cuando Seas Grande,Miguel Mateos
Nuclear War,Curfew,The Stranglers
Nuclear War,Current Events,Joe King Carrasco and the Crowns
Nuclear War,Dancing With Tears in My Eyes,Ultravox
Nuclear War,Dangerous Moments,Martin Briley
Nuclear War,Dawn Patrol,Megadeth
Nuclear War,The Day After,The Men They Couldn't Hang
Nuclear War,The Dead Next Door,Billy Idol
Nuclear War,De Bom,Doe Maar
Nuclear War,Def.Com.One,Pop Will Eat Itself
Nuclear War,D-Day,Bus Boys
Nuclear War,Dig a Hole in the Ground,Fred Small
Nuclear War,Disaster Area,All Out Attack
Nuclear War,Distant Early Warning,Rush
Nuclear War,Domino,Genesis
Nuclear War,Don't Crash,Front 242
Nuclear War,Do You Believe in the Westworld?,Theatre of Hate
Nuclear War,Dream Home in New Zealand,The Beat
Nuclear War,Dream Told by Moto,Minutemen
Nuclear War,Earth Crusher,Mr. Lif
Nuclear War,Eighth Day,Hazel O'Connor
Nuclear War,Einstein A Go Go,Landscape
Nuclear War,Electric Funeral,Black Sabbath
Nuclear War,The End,Discharge
Nuclear War,Enola Gay,OMD
Nuclear War,Euroshima,John Waite
Nuclear War,Eve of Destruction,Barry McGuire
Nuclear War,Everybody Have Fun Tonight,Wang Chung
Nuclear War,Everybody Wants to Rule the World,Tears for Fears
Nuclear War,Everyday Is Like Sunday,Morrissey
Nuclear War,Fabulous Disaster,Exodus
Nuclear War,Fallout,Data
Nuclear War,Famous Last Words,Tears for Fears
Nuclear War,Fight Fire with Fire,Metallica
Nuclear War,The Final Bloodbath,Discharge
Nuclear War,The Final Countdown,Europe
Nuclear War,Fire in the Sky,Saxon
Nuclear War,Fireside Favourite,Fad Gadget
Nuclear War,Five Years,David Bowie
Nuclear War,Flame of the West,Big Country
Nuclear War,Flyingdale Flyer,Jethro Tull
Nuclear War,Forever Young,Alphaville
Nuclear War,Four Minute Warning,Mark Owen
Nuclear War,Four Minutes,Culture Shock
Nuclear War,Four Minutes,Roger Waters
Nuclear War,French Letters,Herbs
Nuclear War,The Future's So Bright, I Gotta Wear Shades,Timbuk 3
Nuclear War,Ghost Town,The Specials
Nuclear War,Glad It's All Over,Captain Sensible
Nuclear War,The Great Atomic Power,The Louvin Brothers
Nuclear War,Ground B Sound,Death Piggy
Nuclear War,The Gunner's Dream- Paranoid Eyes,Pink Floyd
Nuclear War,Guns in the Sky,INXS
Nuclear War,Hallowed Ground,Violent Femmes
Nuclear War,Hammer to Fall,Queen
Nuclear War,A Hard Rain's a-Gonna Fall,Bob Dylan
Nuclear War,Harrisburg,Midnight Oil
Nuclear War,Heat,Leslie Spit Treeo
Nuclear War,Heatwave,Fay Ray
Nuclear War,A Hell On Earth,Discharge
Nuclear War,He Looks Like Spencer Tracy Now,Deacon Blue
Nuclear War,Help Save the Youth of America,Billy Bragg
Nuclear War,Hercules,Midnight Oil
Nuclear War,Here Comes President Kill Again,XTC
Nuclear War,Here Comes Your Man,Pixies
Nuclear War,Heresy,Rush
Nuclear War,Hiroshima,Gary Moore
Nuclear War,Hiroshima,Sandra
Nuclear War,Hiroshima Nagasaki, Russian Roulette,Moving Hearts
Nuclear War,Hiroshima, Mon Amour,Ultravox
Nuclear War,House at Pooneil Corners,Jefferson Airplane
Nuclear War,Human Error,Subhumans
Nuclear War,I.C.B.M.,Amebix
Nuclear War,I Come and Stand at Every Door,The Byrds
Nuclear War,I Don't Wanna Die,4 Skins
Nuclear War,I Found That Essence Rare,Gang of Four
Nuclear War,Ignorance,Sacred Reich
Nuclear War,I Love the World,New Model Army
Nuclear War,In the Hole,Armored Saint
Nuclear War,Invasion,Skrewdriver
Nuclear War,I Remember the Sun,XTC
Nuclear War,Is There Something I Should Know?,Duran Duran
Nuclear War,It's A Mistake,Men At Work
Nuclear War,I've Known No War,The Who
Nuclear War,I Won't Let the Sun Go Down on Me,Nik Kershaw
Nuclear War,Janitor,Suburban Lawns
Nuclear War,Just Another Day,Oingo Boingo
Nuclear War,Jesus Hits Like the Atomic Bomb,Lowell Blanchard and the Vally Trio
Nuclear War,Kill for Peace,The Fugs
Nuclear War,Kill the Poor,Dead Kennedys
Nuclear War,Killer of Giants,Ozzy Osbourne
Nuclear War,Kinky Sex Makes the World Go Round,Dead Kennedys
Nuclear War,King of the World,Steely Dan
Nuclear War,Land of Confusion,Genesis
Nuclear War,Last Domino,Genesis
Nuclear War,Last in the House of Flames,UK Decay
Nuclear War,Lawyers in Love,Jackson Browne
Nuclear War,Leave in Silence,Depeche Mode
Nuclear War,Leningrad,Billy Joel
Nuclear War,Let Me Die In My Footsteps,Bob Dylan
Nuclear War,Let's All Make A Bomb,Heaven 17
Nuclear War,Let's Have A War,Fear
Nuclear War,Let's Talk About it,Dweezil Zappa
Nuclear War,Life During Wartime,Talking Heads
Nuclear War,Listen,Tears For Fears
Nuclear War,Live Fast, Die Young,Circle Jerks
Nuclear War,Living Through Another Cuba,XTC
Nuclear War,Lock and Key,Rush
Nuclear War,Love Missile F1-11,Sigue Sigue Sputnik
Nuclear War,Lovers in a Dangerous Time,Bruce Cockburn
Nuclear War,Man at C&amp;A,The Specials
Nuclear War,Manhattan Project,Rush
Nuclear War,Maralinga,Urban Guerrillas
Nuclear War,Massive Retaliation,Sigue Sigue Sputnik
Nuclear War,Mediate,INXS
Nuclear War,Merry Minuet,Kingston Trio
Nuclear War,Missiles,The Sound
Nuclear War,Mutually Assured Destruction (M.A.D.),Gillan
Nuclear War,Nagasaki Nightmare,Crass
Nuclear War,New Frontier,Donald Fagen
Nuclear War,North Winds Blowing,The Stranglers
Nuclear War,Nuclear Attack,Gary Moore
Nuclear War,Nuclear Cop,Redgum
Nuclear War,Nuclear War,New Politics
Nuclear War,Nuclear War,Yo La Tengo
Nuclear War,On the Beach,The Comsat Angels
Nuclear War,Paranoid Chant,Minutemen
Nuclear War,Party at Ground Zero,Fishbone
Nuclear War,Planet Earth,Duran Duran
Nuclear War,Political Science,Randy Newman
Nuclear War,Protect and Survive,Runrig
Nuclear War,Red Rain,Peter Gabriel
Nuclear War,Red Shadows,T.S.O.L.
Nuclear War,Ride the Wind,Crazy Planet
Nuclear War,Russians,Sting
Nuclear War,Seconds,U2
Nuclear War,Stop the World,The Clash
Nuclear War,Strike Zone,Loverboy
Nuclear War,Sunrise,Icehouse
Nuclear War,Thank Christ for The Bomb,Groundhogs
Nuclear War,Time Will Crawl,David Bowie
Nuclear War,Tropicana,Gruppo Italiano
Nuclear War,Twilight Gods,Helloween
Nuclear War,Warhead,UK Subs
Nuclear War,We Don't Want No Nuclear War,Peter Tosh
Nuclear War,We Will All Go Together When We Go,Tom Lehrer
Nuclear War,We Will Become Silhouettes,The Postal Service
Nuclear War,Winds of Change,Scorpions
Nuclear War,Wooden Ships,Crosby, Stills &amp; Nash
Nuclear War,World Destruction,Time Zone
Nuclear War,1999,Prince
Nuclear War,2 Minutes to Midnight,Iron Maiden
Nuclear War,99 Luftballons,Nena
War,Run To The Hills,Iron Maiden
Genocide,Run To The Hills,Iron Maiden
Prostitution,22 Acacia Avenue,Iron Maiden
War,War Pigs,Black Sabbath
Fear,Fear of the Dark,Iron Maiden
Mental Illness,Mind of a Lunatic,Geto Boys
Murder,Mind of a Lunatic,Geto Boys
Death,Don't Fear the Reaper,Blue Oyster Cult
Goodbye,The End,The Doors
Murder,The Shining Path,Tristania
Planes,Aces High,Iron Maiden
War,Aces High,Iron Maiden
Money,Rich Bitch,Die Antwoord
Outcast,Alien,Die Antwoord
City,Downtown,Petula Clark
War,99 Luftballons,Nena
Mental Illness,Unsociable,Mindless Self Indulgence
Breakup,My Last Date(With You),Ann-Margret
Murder,The Cafeteria,Bones
Devotion,Satellite,Lena
Obsession,Satellite,Lena
Murder,I Don't Like Mondays,The Boomtown Rats
Suicide,Hey Man Nice Shot,Filter
Devotion,Under Your Spell,Desire
Obsession,Under Your Spell,Desire
Goodbye,We'll Meet Again,Vera Lynn
Cheating,Come a Little Bit Closer,Jay and the Americans
Prostitution,Fancy,Bobbie Gentry
Suicide,Ode to Billie Joe,Bobbie Gentry
Breakup,The End of the World,Skeeter Davis
Family,Coal Miner's Daughter,Loretta Lynn
Vanity,You're So Vain,Carly Simon
Murder,The Night the Lights Went Out in Georgia,Reba McIntyre
Hypocrite,Harper Valley P.T.A,Jeannie C. Riley
Murder,Night of the 44,Insane Clown Posse
Drugs,Tik Tik Tik,MaxNormal.TV
Breakup,She's Not There,Zombies
Murder,The End,The Doors
Breakup,Goodbye to Romance,Ozzy Osbourne
Goodbye,Goodbye to Romance,Ozzy Osbourne
Drugs,Junkie,Ozzy Osbourne
Environmentalism,Dreamer,Ozzy Osbourne
War,2 Minutes to Midnight,Iron Maiden
Greed,2 Minutes to Midnight,Iron Maiden
Goodbye,Cemetary Gates,Pantera
Death,Cemetary Gates,Pantera
Loss,Cemetary Gates,Pantera
Moving On,Cemetary Gates,Pantera
Secrets,Dollhouse,Melanie Martinez
Devotion,Nothing Else Matters,Metallica
Trust,Nothing Else Matters,Metallica
Outcast,Nothing Else Matters,Metallica
Fear,Under the Blade,Twisted Sister
Obsession,Run For Your Life,Twisted Sister
Prostitution,She Wants Money,Ratt
Breakup,I Won't Forget You,Poison
Breakup,Nobody's Fool,Cinderella
Breakup,Against All Odds,Phil Collins
Breakup,I Will Always Love You,Whitney Houston
Breakup,I Will Always Love You,Dolly Parton
Breakup,Un-Break My Heart,Toni Braxton
Breakup,Careless Whisper,George Michael
Breakup,Believe,Cher
Breakup,Hello,Adele
Breakup,Love Yourself,Justin Bieber
Crime,18 and Life,Skid Row
Crime,I No Dat U H8,Killa C
Cheating,Before He Cheats,Carrie Underwood
Cheating,A Little Bit Stronger,Sara Evans
Cheating,You Should Have Known Better,Monica
Cheating,Goodbye Earl,Dixie Chicks
Murder,Goodbye Earl,Dixie Chicks
Crime,Goodbye Earl,Dixie Chicks
Cheating,Unfaithful,Rihanna
Cheating,When You Were Cheating,Sara Evans
Cheating,Liar,Profyle
Breakup,Liar,Profyle
Rape,Jonestown Tea,Otep
Cult,Jonestown Tea,Otep
Mental Illness,Swallow,Emilie Autumn
Depression,Swallow,Emilie Autumn
Crime,Assassins,Geto Boys
Murder,Assassins,Geto Boys
Motivation,Grindstone,Backwordz
Politics,Utopias Don't Exist,Backwordz
Bartender,Brandy,Looking Glass
Crime,Paper Planes,M.I.A.
